【合租】后湖 日月星城 1室次卧,日月星城,1160,http://wh.58.com/pinpaigongyu/30709134214329x.shtml?psid=169158699196823347685213552
【合租】古田 华鼎丽都国际 3室主卧,华鼎丽都国际,1300,http://wh.58.com/pinpaigongyu/30888817676970x.shtml?psid=169158699196823347685213552
【合租】二七路 连城小区 1室主卧,连城小区,1220,http://wh.58.com/pinpaigongyu/30711867147307x.shtml?psid=169158699196823347685213552
【合租】徐东 橡树湾 3室次卧,橡树湾,1000,http://wh.58.com/pinpaigongyu/30570789835569x.shtml?psid=169158699196823347685213552
【合租】后湖 幸福人家南苑 1室主卧,幸福人家南苑,1260,http://wh.58.com/pinpaigongyu/30708853124170x.shtml?psid=169158699196823347685213552
【合租】二七路 恒昌欧景华庭 1室主卧,恒昌欧景华庭,1100,http://wh.58.com/pinpaigongyu/30709707360181x.shtml?psid=169158699196823347685213552
【合租】杨汊湖 远洋心里 1室次卧,远洋心里,1100,http://wh.58.com/pinpaigongyu/30819885968205x.shtml?psid=169158699196823347685213552
【整租】汉正街 民意社区 1室0厅,民意社区,1380,http://wh.58.com/pinpaigongyu/30886491123004x.shtml?psid=169158699196823347685213552
【合租】百步亭 百步华庭 1室次卧,百步华庭,1020,http://wh.58.com/pinpaigongyu/30711094740291x.shtml?psid=169158699196823347685213552
【整租】街道口 南国雄楚广场 1室0厅,南国雄楚广场,1500,http://wh.58.com/pinpaigongyu/30775301434692x.shtml?psid=169158699196823347685213552
【合租】徐东 爱家国际华城 4室次卧,爱家国际华城,1000,http://wh.58.com/pinpaigongyu/30676129469993x.shtml?psid=169158699196823347685213552
【整租】杰晨城市公寓 新南湖 珞珈雅苑,新南湖,1300-1450,http://wh.58.com/pinpaigongyu/30490540938559x.shtml?psid=169158699196823347685213552
【整租】关山 光谷软件园 1室1厅,光谷软件园,1500,http://wh.58.com/pinpaigongyu/30509193965771x.shtml?psid=169158699196823347685213552
【合租】中北路 复地东湖国际4期 3室主卧,复地东湖国际4期,1160,http://wh.58.com/pinpaigongyu/30802597659976x.shtml?psid=169158699196823347685213552
【整租】卓刀泉 凯乐桂园 1室0厅,凯乐桂园,1500,http://wh.58.com/pinpaigongyu/30708763788866x.shtml?psid=169158699196823347685213552
【整租】杰晨城市公寓 新南湖 珞珈雅苑,新南湖,1300-1480,http://wh.58.com/pinpaigongyu/30922206262601x.shtml?psid=169158699196823347685213552
【合租】徐家棚 三角花园鑫三飞菜 4室次卧,三角花园鑫三飞菜,1160,http://wh.58.com/pinpaigongyu/30768520528957x.shtml?psid=169158699196823347685213552
【整租】卓刀泉 凯乐桂园 1室0厅,凯乐桂园,1500,http://wh.58.com/pinpaigongyu/30709150983247x.shtml?psid=169158699196823347685213552
【合租】百步亭 长投景城汉口年华 4室主卧,长投景城汉口年华,1230,http://wh.58.com/pinpaigongyu/30812003847607x.shtml?psid=169158699196823347685213552
【合租】徐东 东湖景园C区 3室主卧,东湖景园C区,1000,http://wh.58.com/pinpaigongyu/30754945460298x.shtml?psid=169158699196823347685213552
【合租】常青 金色雅园金源苑 1室次卧,金色雅园金源苑,1400,http://wh.58.com/pinpaigongyu/30712317055913x.shtml?psid=131656373196823347937568730
【合租】徐东 铂金天地 4室次卧,铂金天地,1100,http://wh.58.com/pinpaigongyu/30714504681257x.shtml?psid=131656373196823347937568730
【合租】后湖 楚邦汉界 1室次卧,楚邦汉界,1060,http://wh.58.com/pinpaigongyu/30710413527502x.shtml?psid=131656373196823347937568730
【合租】前进/江汉 友谊社区北区 1室主卧,友谊社区北区,1380,http://wh.58.com/pinpaigongyu/30919793831348x.shtml?psid=131656373196823347937568730
【合租】光谷 曙光星城C区 5室主卧,曙光星城C区,1450,http://wh.58.com/pinpaigongyu/30644759780921x.shtml?psid=131656373196823347937568730
【合租】杨汊湖 远洋心里 1室主卧,远洋心里,1400,http://wh.58.com/pinpaigongyu/30819907759671x.shtml?psid=131656373196823347937568730
【合租】后湖 同鑫花园 1室次卧,同鑫花园,1060,http://wh.58.com/pinpaigongyu/30711648215605x.shtml?psid=131656373196823347937568730
【合租】古田 建荣嘉园 1室次卧,建荣嘉园,1000,http://wh.58.com/pinpaigongyu/30711675931967x.shtml?psid=131656373196823347937568730
【合租】二七路 东立国际 1室次卧,东立国际,1000,http://wh.58.com/pinpaigongyu/30711590645685x.shtml?psid=131656373196823347937568730
【合租】后湖 楚邦汉界 1室次卧,楚邦汉界,1060,http://wh.58.com/pinpaigongyu/30712273683643x.shtml?psid=131656373196823347937568730
【合租】徐东 武铁佳苑 4室次卧,武铁佳苑,1000,http://wh.58.com/pinpaigongyu/30676128462665x.shtml?psid=131656373196823347937568730
【整租】杰晨城市公寓 新南湖 珞珈雅苑,新南湖,1300-1450,http://wh.58.com/pinpaigongyu/30490540938559x.shtml?psid=131656373196823347937568730
【合租】光谷 清水源 5室主卧,清水源,1330,http://wh.58.com/pinpaigongyu/30765644184132x.shtml?psid=131656373196823347937568730
【合租】鲁巷 八一花园梅花苑 4室主卧,八一花园梅花苑,1300,http://wh.58.com/pinpaigongyu/30644216610115x.shtml?psid=131656373196823347937568730
【整租】卓刀泉 凯乐桂园 1室0厅,凯乐桂园,1500,http://wh.58.com/pinpaigongyu/30709160245693x.shtml?psid=131656373196823347937568730
【整租】杰晨城市公寓 新南湖 珞珈雅苑,新南湖,1300-1480,http://wh.58.com/pinpaigongyu/30922206262601x.shtml?psid=131656373196823347937568730
【整租】后湖 石桥花园一期 1室0厅,石桥花园一期,1200,http://wh.58.com/pinpaigongyu/30920135671093x.shtml?psid=131656373196823347937568730
【合租】关山 光谷青年城 4室次卧,光谷青年城,1180,http://wh.58.com/pinpaigongyu/30799791709622x.shtml?psid=131656373196823347937568730
【整租】杨汊湖 常青南园南区 1室0厅,常青南园南区,1200,http://wh.58.com/pinpaigongyu/30740847344315x.shtml?psid=131656373196823347937568730
【合租】新南湖 鸿瑞佳苑 4室主卧,鸿瑞佳苑,1000,http://wh.58.com/pinpaigongyu/30542646463938x.shtml?psid=131656373196823347937568730
【整租】街道口 南国雄楚广场 1室0厅,南国雄楚广场,1400,http://wh.58.com/pinpaigongyu/30775475883211x.shtml?psid=111756306196823348423297340
【合租】古田 华鼎丽都国际 3室主卧,华鼎丽都国际,1300,http://wh.58.com/pinpaigongyu/30819991030725x.shtml?psid=111756306196823348423297340
【合租】杨汊湖 锦绣人家 1室次卧,锦绣人家,1300,http://wh.58.com/pinpaigongyu/30710353438506x.shtml?psid=111756306196823348423297340
【合租】唐家墩 万达广场住宅 1室次卧,万达广场住宅,1100,http://wh.58.com/pinpaigongyu/30819508906156x.shtml?psid=111756306196823348423297340
【合租】徐东 水岸星城B区(公 6室次卧,水岸星城B区(公,1000,http://wh.58.com/pinpaigongyu/30714460597072x.shtml?psid=111756306196823348423297340
【合租】光谷 祥和雅居 4室主卧,祥和雅居,1060,http://wh.58.com/pinpaigongyu/30708728133566x.shtml?psid=111756306196823348423297340
【整租】万松园 江北社区(武广万 1室0厅,江北社区(武广万,1380,http://wh.58.com/pinpaigongyu/30886526070343x.shtml?psid=111756306196823348423297340
【合租】光谷 成园小区 4室次卧,成园小区,1100,http://wh.58.com/pinpaigongyu/30656156609862x.shtml?psid=111756306196823348423297340
【合租】百步亭 怡和苑北区 1室次卧,怡和苑北区,1180,http://wh.58.com/pinpaigongyu/30710877721269x.shtml?psid=111756306196823348423297340
【整租】街道口 南国雄楚广场 1室0厅,南国雄楚广场,1500,http://wh.58.com/pinpaigongyu/30753352392016x.shtml?psid=111756306196823348423297340
【合租】光谷 惠安新苑 3室次卧,惠安新苑,1360,http://wh.58.com/pinpaigongyu/30677737590572x.shtml?psid=111756306196823348423297340
【整租】杰晨城市公寓 新南湖 珞珈雅苑,新南湖,1300-1450,http://wh.58.com/pinpaigongyu/30490540938559x.shtml?psid=111756306196823348423297340
【合租】新南湖 鸿瑞佳苑 4室主卧,鸿瑞佳苑,1000,http://wh.58.com/pinpaigongyu/30730717804611x.shtml?psid=111756306196823348423297340
【合租】关山 光谷青年城 3室主卧,光谷青年城,1000,http://wh.58.com/pinpaigongyu/29483432471726x.shtml?psid=111756306196823348423297340
【整租】杰晨城市公寓 珞狮南路 杰晨公寓,珞狮南路,1300-1650,http://wh.58.com/pinpaigongyu/30490533067080x.shtml?psid=111756306196823348423297340
【整租】杰晨城市公寓 新南湖 珞珈雅苑,新南湖,1300-1480,http://wh.58.com/pinpaigongyu/30922206262601x.shtml?psid=111756306196823348423297340
【合租】徐东 徐东馨苑 4室主卧,徐东馨苑,1000,http://wh.58.com/pinpaigongyu/30877041823677x.shtml?psid=111756306196823348423297340
【合租】鲁巷 八一花园梅花苑 4室次卧,八一花园梅花苑,1100,http://wh.58.com/pinpaigongyu/30644225507522x.shtml?psid=111756306196823348423297340
【合租】徐东 岳家嘴小区一二期 3室主卧,岳家嘴小区一二期,1200,http://wh.58.com/pinpaigongyu/30823293042370x.shtml?psid=111756306196823348423297340
【整租】杰晨城市公寓 新南湖 杰晨城市公寓,新南湖,1250-1450,http://wh.58.com/pinpaigongyu/30445900955072x.shtml?psid=111756306196823348423297340
【合租】后湖 石桥花园二期 1室次卧,石桥花园二期,1060,http://wh.58.com/pinpaigongyu/30710619342928x.shtml?psid=171834824196823348659026547
【合租】后湖 统建大江园北苑 1室主卧,统建大江园北苑,1500,http://wh.58.com/pinpaigongyu/30711466124331x.shtml?psid=171834824196823348659026547
【合租】古田 建荣嘉园 1室主卧,建荣嘉园,1480,http://wh.58.com/pinpaigongyu/30709196253751x.shtml?psid=171834824196823348659026547
【合租】光谷 祥和雅居 4室主卧,祥和雅居,1050,http://wh.58.com/pinpaigongyu/30688397705155x.shtml?psid=171834824196823348659026547
【合租】七里庙 红光鹏程苑 1室主卧,红光鹏程苑,1100,http://wh.58.com/pinpaigongyu/30711348377909x.shtml?psid=171834824196823348659026547
【合租】唐家墩 万达广场住宅 1室次卧,万达广场住宅,1299,http://wh.58.com/pinpaigongyu/30819524495274x.shtml?psid=171834824196823348659026547
【整租】街道口 南国雄楚广场 1室0厅,南国雄楚广场,1400,http://wh.58.com/pinpaigongyu/30751614918707x.shtml?psid=171834824196823348659026547
【合租】常青 福星惠誉福星城北 1室次卧,福星惠誉福星城北,1250,http://wh.58.com/pinpaigongyu/30820017272620x.shtml?psid=171834824196823348659026547
【合租】后湖 宏宇绿色新都 1室次卧,宏宇绿色新都,1300,http://wh.58.com/pinpaigongyu/30710833619768x.shtml?psid=171834824196823348659026547
【合租】后湖 新地东方花都 1室次卧,新地东方花都,1200,http://wh.58.com/pinpaigongyu/30709854651975x.shtml?psid=171834824196823348659026547
【合租】广埠屯 徐东馨苑 3室主卧,徐东馨苑,1100,http://wh.58.com/pinpaigongyu/30642088970817x.shtml?psid=171834824196823348659026547
【整租】杰晨城市公寓 新南湖 珞珈雅苑,新南湖,1300-1450,http://wh.58.com/pinpaigongyu/30490540938559x.shtml?psid=171834824196823348659026547
【合租】建设大道 幸福湾星润 3室主卧,幸福湾星润,1000,http://wh.58.com/pinpaigongyu/30644230199503x.shtml?psid=171834824196823348659026547
【整租】云霄公寓 前进/江汉 前进二路店,前进/江汉,1380-1680,http://wh.58.com/pinpaigongyu/29084782961595x.shtml?psid=171834824196823348659026547
【合租】徐东 岳家嘴小区一二期 4室主卧,岳家嘴小区一二期,1400,http://wh.58.com/pinpaigongyu/30788515062350x.shtml?psid=171834824196823348659026547
【整租】杰晨城市公寓 新南湖 珞珈雅苑,新南湖,1300-1480,http://wh.58.com/pinpaigongyu/30922206262601x.shtml?psid=171834824196823348659026547
【合租】新南湖 保利心语东区(公 4室次卧,保利心语东区(公,1160,http://wh.58.com/pinpaigongyu/30770096711110x.shtml?psid=171834824196823348659026547
【整租】常青 中国水电盛世江城 1室0厅,中国水电盛世江城,1200,http://wh.58.com/pinpaigongyu/30718451658948x.shtml?psid=171834824196823348659026547
【整租】光谷 南湖康泰花园 1室1厅,南湖康泰花园,1500,http://wh.58.com/pinpaigongyu/30907692853945x.shtml?psid=171834824196823348659026547
【整租】盘龙城 天鹅湖首月免租 1室1厅,天鹅湖首月免租,1000,http://wh.58.com/pinpaigongyu/30821685635756x.shtml?psid=171834824196823348659026547
【合租】后湖 新地东方花都 1室次卧,新地东方花都,1200,http://wh.58.com/pinpaigongyu/30709854651975x.shtml?psid=194776540196823348873555348
【合租】百步亭 幸福时代 1室主卧,幸福时代,1050,http://wh.58.com/pinpaigongyu/30866216356044x.shtml?psid=194776540196823348873555348
【整租】汉正街 民意社区 1室0厅,民意社区,1380,http://wh.58.com/pinpaigongyu/30886693395646x.shtml?psid=194776540196823348873555348
【合租】后湖 圣诚和园 1室次卧,圣诚和园,1300,http://wh.58.com/pinpaigongyu/30711756061132x.shtml?psid=194776540196823348873555348
【合租】后湖 统建大江园北苑 1室次卧,统建大江园北苑,1300,http://wh.58.com/pinpaigongyu/30711533166534x.shtml?psid=194776540196823348873555348
【合租】光谷 祥和雅居 3室次卧,祥和雅居,1050,http://wh.58.com/pinpaigongyu/30830042481988x.shtml?psid=194776540196823348873555348
【合租】常青 葛洲坝国际广场 1室次卧,葛洲坝国际广场,1250,http://wh.58.com/pinpaigongyu/30844832429114x.shtml?psid=194776540196823348873555348
【合租】宗关 融侨锦江 3室主卧,融侨锦江,1150,http://wh.58.com/pinpaigongyu/30888929052223x.shtml?psid=194776540196823348873555348
【整租】街道口 南国雄楚广场 1室0厅,南国雄楚广场,1300,http://wh.58.com/pinpaigongyu/30753130890692x.shtml?psid=194776540196823348873555348
【合租】杨汊湖 红旗公寓 1室主卧,【合租】杨汊湖,1200,http://wh.58.com/pinpaigongyu/30710707030462x.shtml?psid=194776540196823348873555348
【合租】钟家村 香榭琴台墨园 4室次卧,香榭琴台墨园,1310,http://wh.58.com/pinpaigongyu/30791323394871x.shtml?psid=194776540196823348873555348
【整租】杰晨城市公寓 新南湖 珞珈雅苑,新南湖,1300-1450,http://wh.58.com/pinpaigongyu/30490540938559x.shtml?psid=194776540196823348873555348
【整租】关山 山水华庭 1室1厅,山水华庭,1200,http://wh.58.com/pinpaigongyu/30820184263349x.shtml?psid=194776540196823348873555348
【合租】南湖花园 水域天际 3室主卧,水域天际,1130,http://wh.58.com/pinpaigongyu/30788157340332x.shtml?psid=194776540196823348873555348
【合租】后湖 百步亭金桥汇(公 3室主卧,百步亭金桥汇(公,1000,http://wh.58.com/pinpaigongyu/30801859243850x.shtml?psid=194776540196823348873555348
【整租】杰晨城市公寓 新南湖 珞珈雅苑,新南湖,1300-1480,http://wh.58.com/pinpaigongyu/30922206262601x.shtml?psid=194776540196823348873555348
【整租】卓刀泉 凯乐桂园 1室0厅,凯乐桂园,1500,http://wh.58.com/pinpaigongyu/30709109158859x.shtml?psid=194776540196823348873555348
【整租】魔方公寓（武汉） 司门口 武昌鲇鱼套店,司门口,1200-1700,http://wh.58.com/pinpaigongyu/29439186703817x.shtml?psid=194776540196823348873555348
【整租】广埠屯 武大新锐公寓 1室0厅,【整租】广埠屯,1400,http://wh.58.com/pinpaigongyu/30443318403889x.shtml?psid=194776540196823348873555348
【整租】光谷 祥和雅居 1室1厅,祥和雅居,1450,http://wh.58.com/pinpaigongyu/30655981900723x.shtml?psid=194776540196823348873555348
【整租】街道口 南国雄楚广场 1室0厅,南国雄楚广场,1400,http://wh.58.com/pinpaigongyu/30775519435051x.shtml?psid=145066099196823349091087283
【合租】徐东 水岸星城B区(公 6室次卧,水岸星城B区(公,1000,http://wh.58.com/pinpaigongyu/30714486441259x.shtml?psid=145066099196823349091087283
【合租】徐东 铂金天地 4室主卧,铂金天地,1100,http://wh.58.com/pinpaigongyu/30592797621439x.shtml?psid=145066099196823349091087283
【合租】唐家墩 万达广场住宅 1室主卧,万达广场住宅,1200,http://wh.58.com/pinpaigongyu/30819927158076x.shtml?psid=145066099196823349091087283
【合租】徐东 武汉三角花园小区 3室主卧,武汉三角花园小区,1300,http://wh.58.com/pinpaigongyu/30448900543947x.shtml?psid=145066099196823349091087283
【合租】宗关 融侨锦江 3室主卧,融侨锦江,1000,http://wh.58.com/pinpaigongyu/30819957515846x.shtml?psid=145066099196823349091087283
【整租】杨汊湖 南国北都城市广场 1室0厅,南国北都城市广场,1000,http://wh.58.com/pinpaigongyu/30813445415735x.shtml?psid=145066099196823349091087283
【合租】江汉周边 人信武胜里 1室主卧,人信武胜里,1050,http://wh.58.com/pinpaigongyu/30708624085068x.shtml?psid=145066099196823349091087283
【整租】街道口 南国雄楚广场 1室0厅,南国雄楚广场,1400,http://wh.58.com/pinpaigongyu/30775306393927x.shtml?psid=145066099196823349091087283
【合租】后湖 星悦城 1室主卧,星悦城,1020,http://wh.58.com/pinpaigongyu/30711345705913x.shtml?psid=145066099196823349091087283
【合租】光谷 米兰映象 4室次卧,米兰映象,1000,http://wh.58.com/pinpaigongyu/30768524597706x.shtml?psid=145066099196823349091087283
【整租】杰晨城市公寓 新南湖 珞珈雅苑,新南湖,1300-1450,http://wh.58.com/pinpaigongyu/30490540938559x.shtml?psid=145066099196823349091087283
【合租】街道口 幸福佳苑 4室主卧,幸福佳苑,1000,http://wh.58.com/pinpaigongyu/30675259336777x.shtml?psid=145066099196823349091087283
【合租】积玉桥 绿地国际金融城 4室主卧,绿地国际金融城,1250,http://wh.58.com/pinpaigongyu/30801895371180x.shtml?psid=145066099196823349091087283
【合租】关山 中谷苑 3室主卧,中谷苑,1050,http://wh.58.com/pinpaigongyu/30786656854324x.shtml?psid=145066099196823349091087283
【整租】杰晨城市公寓 新南湖 珞珈雅苑,新南湖,1300-1480,http://wh.58.com/pinpaigongyu/30922206262601x.shtml?psid=145066099196823349091087283
【合租】街道口 领地金崌 4室次卧,领地金崌,1000,http://wh.58.com/pinpaigongyu/30644842653482x.shtml?psid=145066099196823349091087283
【整租】卓刀泉 南湖康泰花园 1室1厅,南湖康泰花园,1450,http://wh.58.com/pinpaigongyu/30832568261195x.shtml?psid=145066099196823349091087283
【合租】广埠屯 南国大家装 4室次卧,南国大家装,1030,http://wh.58.com/pinpaigongyu/30768866716355x.shtml?psid=145066099196823349091087283
【合租】徐东 武汉三角花园小区 3室主卧,武汉三角花园小区,1000,http://wh.58.com/pinpaigongyu/30911391236935x.shtml?psid=145066099196823349091087283
【合租】后湖 宏宇绿色新都 1室次卧,宏宇绿色新都,1200,http://wh.58.com/pinpaigongyu/30709261074116x.shtml?psid=180495597196823349314139353
【整租】街道口 南国雄楚广场 1室0厅,南国雄楚广场,1500,http://wh.58.com/pinpaigongyu/30753142743118x.shtml?psid=180495597196823349314139353
【合租】百步亭 海赋江城 1室主卧,海赋江城,1140,http://wh.58.com/pinpaigongyu/30710565096519x.shtml?psid=180495597196823349314139353
【合租】杨汊湖 锦绣人家 1室次卧,锦绣人家,1200,http://wh.58.com/pinpaigongyu/30712118235595x.shtml?psid=180495597196823349314139353
【合租】杨汊湖 锦绣人家 1室次卧,锦绣人家,1200,http://wh.58.com/pinpaigongyu/30712319652420x.shtml?psid=180495597196823349314139353
【合租】光谷 南湖康泰花园 4室主卧,南湖康泰花园,1100,http://wh.58.com/pinpaigongyu/30918838833334x.shtml?psid=180495597196823349314139353
【合租】宝丰 华汉广场 3室主卧,华汉广场,1400,http://wh.58.com/pinpaigongyu/30888755510343x.shtml?psid=180495597196823349314139353
【整租】街道口 南国雄楚广场 1室0厅,南国雄楚广场,1400,http://wh.58.com/pinpaigongyu/30752974951372x.shtml?psid=180495597196823349314139353
【合租】光谷 祥和雅居 3室主卧,祥和雅居,1000,http://wh.58.com/pinpaigongyu/30918413270706x.shtml?psid=180495597196823349314139353
【整租】宝丰 民意四路小区 1室0厅,民意四路小区,1380,http://wh.58.com/pinpaigongyu/30886422457130x.shtml?psid=180495597196823349314139353
【合租】升官渡 万科汉阳国际A区 4室次卧,万科汉阳国际A区,1130,http://wh.58.com/pinpaigongyu/30852550838458x.shtml?psid=180495597196823349314139353
【整租】杰晨城市公寓 新南湖 珞珈雅苑,新南湖,1300-1450,http://wh.58.com/pinpaigongyu/30490540938559x.shtml?psid=180495597196823349314139353
【整租】光谷 祥和雅居 1室0厅,祥和雅居,1500,http://wh.58.com/pinpaigongyu/29857627732046x.shtml?psid=180495597196823349314139353
【合租】宗关 融侨锦江 4室次卧,融侨锦江,1230,http://wh.58.com/pinpaigongyu/30852058096307x.shtml?psid=180495597196823349314139353
【合租】徐东 武铁佳苑 4室主卧,武铁佳苑,1300,http://wh.58.com/pinpaigongyu/30644221026499x.shtml?psid=180495597196823349314139353
【整租】杰晨城市公寓 新南湖 珞珈雅苑,新南湖,1300-1480,http://wh.58.com/pinpaigongyu/30922206262601x.shtml?psid=180495597196823349314139353
【合租】徐东 东湖景园A区 4室次卧,东湖景园A区,1100,http://wh.58.com/pinpaigongyu/30644220036140x.shtml?psid=180495597196823349314139353
【合租】卓刀泉 绿汀雅境 4室次卧,绿汀雅境,1330,http://wh.58.com/pinpaigongyu/30786176294065x.shtml?psid=180495597196823349314139353
【合租】街道口 鸿岭花园东区 3室主卧,鸿岭花园东区,1300,http://wh.58.com/pinpaigongyu/30478625549759x.shtml?psid=180495597196823349314139353
【合租】钟家村 名流公馆西区 4室次卧,名流公馆西区,1050,http://wh.58.com/pinpaigongyu/30802206368058x.shtml?psid=180495597196823349314139353
【整租】宝丰 民意四路小区 1室0厅,民意四路小区,1380,http://wh.58.com/pinpaigongyu/30886422457130x.shtml?psid=178275491196823349530449506
【合租】后湖 石桥花园二期 1室主卧,石桥花园二期,1100,http://wh.58.com/pinpaigongyu/30710674520236x.shtml?psid=178275491196823349530449506
【整租】街道口 南国雄楚广场 1室0厅,南国雄楚广场,1400,http://wh.58.com/pinpaigongyu/30753097980862x.shtml?psid=178275491196823349530449506
【合租】古田 建荣嘉园 1室次卧,建荣嘉园,1000,http://wh.58.com/pinpaigongyu/30711866860859x.shtml?psid=178275491196823349530449506
【整租】街道口 南国雄楚广场 1室0厅,南国雄楚广场,1300,http://wh.58.com/pinpaigongyu/30753125211060x.shtml?psid=178275491196823349530449506
【整租】街道口 未来公馆 1室0厅,未来公馆,1500,http://wh.58.com/pinpaigongyu/30906677436594x.shtml?psid=178275491196823349530449506
【合租】徐东 兴华嘉天下 4室主卧,兴华嘉天下,1400,http://wh.58.com/pinpaigongyu/30570780669628x.shtml?psid=178275491196823349530449506
【整租】杨汊湖 杨汊湖公寓 1室0厅,【整租】杨汊湖,1000,http://wh.58.com/pinpaigongyu/30813350556876x.shtml?psid=178275491196823349530449506
【合租】古田 保利香槟国际 1室主卧,保利香槟国际,1400,http://wh.58.com/pinpaigongyu/30888581949868x.shtml?psid=178275491196823349530449506
【整租】杨汊湖 杨汊湖二苑 1室0厅,杨汊湖二苑,1000,http://wh.58.com/pinpaigongyu/30813452942261x.shtml?psid=178275491196823349530449506
【合租】关山 清江山水 3室主卧,清江山水,1160,http://wh.58.com/pinpaigongyu/30788119147197x.shtml?psid=178275491196823349530449506
【整租】杰晨城市公寓 新南湖 珞珈雅苑,新南湖,1300-1450,http://wh.58.com/pinpaigongyu/30490540938559x.shtml?psid=178275491196823349530449506
【合租】新南湖 保利心语马克先生 4室主卧,保利心语马克先生,1100,http://wh.58.com/pinpaigongyu/30841406378038x.shtml?psid=178275491196823349530449506
【整租】光谷 云顶居对面 1室0厅,云顶居对面,1200,http://wh.58.com/pinpaigongyu/30822735973188x.shtml?psid=178275491196823349530449506
【合租】徐东 兴华嘉天下 4室次卧,兴华嘉天下,1100,http://wh.58.com/pinpaigongyu/30443331733562x.shtml?psid=178275491196823349530449506
【整租】杰晨城市公寓 新南湖 珞珈雅苑,新南湖,1300-1480,http://wh.58.com/pinpaigongyu/30922206262601x.shtml?psid=178275491196823349530449506
【合租】建设二路 八大家花园 4室次卧,八大家花园,1160,http://wh.58.com/pinpaigongyu/30801303893931x.shtml?psid=178275491196823349530449506
【整租】卓刀泉 凯乐桂园 1室0厅,凯乐桂园,1500,http://wh.58.com/pinpaigongyu/30708956746805x.shtml?psid=178275491196823349530449506
【合租】中北路 岳家嘴小区三期 4室次卧,岳家嘴小区三期,1100,http://wh.58.com/pinpaigongyu/30836569698763x.shtml?psid=178275491196823349530449506
【合租】徐东 东湖景园B区 4室次卧,东湖景园B区,1000,http://wh.58.com/pinpaigongyu/30457695040583x.shtml?psid=178275491196823349530449506
【整租】杨汊湖 杨汊湖二苑 1室0厅,杨汊湖二苑,1000,http://wh.58.com/pinpaigongyu/30813452942261x.shtml?psid=116803874196823349748894439
【合租】古田 广电兰亭荣荟 1室次卧,广电兰亭荣荟,1160,http://wh.58.com/pinpaigongyu/30709795679546x.shtml?psid=116803874196823349748894439
【合租】后湖 同鑫花园 1室主卧,同鑫花园,1100,http://wh.58.com/pinpaigongyu/30710408774972x.shtml?psid=116803874196823349748894439
【合租】和平大道 东兴天地D区 1室主卧,东兴天地D区,1140,http://wh.58.com/pinpaigongyu/30711672917190x.shtml?psid=116803874196823349748894439
【整租】街道口 鹏程蕙园 1室0厅,鹏程蕙园,1300,http://wh.58.com/pinpaigongyu/30752983016114x.shtml?psid=116803874196823349748894439
【合租】杨汊湖 福星华府 1室次卧,福星华府,1300,http://wh.58.com/pinpaigongyu/30709949188521x.shtml?psid=116803874196823349748894439
【整租】街道口 鹏程蕙园 1室0厅,鹏程蕙园,1100,http://wh.58.com/pinpaigongyu/30775453597244x.shtml?psid=116803874196823349748894439
【合租】唐家墩 万达广场住宅 1室次卧,万达广场住宅,1350,http://wh.58.com/pinpaigongyu/30819586294324x.shtml?psid=116803874196823349748894439
【合租】中北路 水岸星城B区(别 5室次卧,水岸星城B区(别,1000,http://wh.58.com/pinpaigongyu/30592821066690x.shtml?psid=116803874196823349748894439
【整租】关山 光谷青年城 1室0厅,光谷青年城,1500,http://wh.58.com/pinpaigongyu/30842195596222x.shtml?psid=116803874196823349748894439
【合租】钟家村 瑞园住宅小区 3室主卧,瑞园住宅小区,1100,http://wh.58.com/pinpaigongyu/30801326310597x.shtml?psid=116803874196823349748894439
【整租】杰晨城市公寓 新南湖 珞珈雅苑,新南湖,1300-1450,http://wh.58.com/pinpaigongyu/30490540938559x.shtml?psid=116803874196823349748894439
【合租】杨汊湖 锦绣人家 4室主卧,锦绣人家,1290,http://wh.58.com/pinpaigongyu/30918355209915x.shtml?psid=116803874196823349748894439
【整租】杰晨城市公寓 珞狮南路 杰晨公寓,珞狮南路,1300-1580,http://wh.58.com/pinpaigongyu/30490969719502x.shtml?psid=116803874196823349748894439
【合租】七里庙 钰龙湾 4室次卧,钰龙湾,1100,http://wh.58.com/pinpaigongyu/30770104411827x.shtml?psid=116803874196823349748894439
【整租】杰晨城市公寓 新南湖 珞珈雅苑,新南湖,1300-1480,http://wh.58.com/pinpaigongyu/30922206262601x.shtml?psid=116803874196823349748894439
【整租】关山 光谷软件园附近 1室1厅,光谷软件园附近,1200,http://wh.58.com/pinpaigongyu/30443580642226x.shtml?psid=116803874196823349748894439
【合租】徐东 金地自在城(公寓 3室主卧,【合租】徐东,1100,http://wh.58.com/pinpaigongyu/30800114612538x.shtml?psid=116803874196823349748894439
【合租】武昌周边 欢乐星城 4室次卧,欢乐星城,1060,http://wh.58.com/pinpaigongyu/30822308899265x.shtml?psid=116803874196823349748894439
【整租】关山 山水华庭 1室1厅,山水华庭,1200,http://wh.58.com/pinpaigongyu/30844062852796x.shtml?psid=116803874196823349748894439
【合租】古田 保利香槟国际 1室主卧,保利香槟国际,1399,http://wh.58.com/pinpaigongyu/30877674547522x.shtml?psid=197880954196823349978723162
【合租】和平大道 东兴天地D区 1室主卧,东兴天地D区,1100,http://wh.58.com/pinpaigongyu/30711786494250x.shtml?psid=197880954196823349978723162
【合租】中华路 沙湖明珠 1室主卧,沙湖明珠,1300,http://wh.58.com/pinpaigongyu/30712322765890x.shtml?psid=197880954196823349978723162
【整租】街道口 鹏程蕙园 1室0厅,鹏程蕙园,1300,http://wh.58.com/pinpaigongyu/30775509795266x.shtml?psid=197880954196823349978723162
【合租】杨汊湖 远洋心里 1室次卧,远洋心里,1300,http://wh.58.com/pinpaigongyu/30819860469578x.shtml?psid=197880954196823349978723162
【合租】杨汊湖 远洋心里 1室次卧,远洋心里,1200,http://wh.58.com/pinpaigongyu/30819927284145x.shtml?psid=197880954196823349978723162
【合租】光谷 祥和雅居 4室主卧,祥和雅居,1100,http://wh.58.com/pinpaigongyu/30708689009468x.shtml?psid=197880954196823349978723162
【合租】后湖 石桥花园二期 1室次卧,石桥花园二期,1000,http://wh.58.com/pinpaigongyu/30711320113477x.shtml?psid=197880954196823349978723162
【合租】古田 天泽一方 1室主卧,天泽一方,1380,http://wh.58.com/pinpaigongyu/30708450232489x.shtml?psid=197880954196823349978723162
【合租】光谷 祥和雅居 3室主卧,祥和雅居,1100,http://wh.58.com/pinpaigongyu/30686483393356x.shtml?psid=197880954196823349978723162
【合租】积玉桥 水岸国际峯岚天下 3室主卧,水岸国际峯岚天下,1500,http://wh.58.com/pinpaigongyu/30852607471554x.shtml?psid=197880954196823349978723162
【整租】杰晨城市公寓 新南湖 珞珈雅苑,新南湖,1300-1450,http://wh.58.com/pinpaigongyu/30490540938559x.shtml?psid=197880954196823349978723162
【合租】王家湾 名士华府 3室主卧,名士华府,1100,http://wh.58.com/pinpaigongyu/30800517637709x.shtml?psid=197880954196823349978723162
【整租】卓刀泉 虎泉可遇人才公寓 1室0厅,【整租】卓刀泉,1450,http://wh.58.com/pinpaigongyu/30832731832764x.shtml?psid=197880954196823349978723162
【合租】庙山 名湖豪庭 3室主卧,名湖豪庭,1230,http://wh.58.com/pinpaigongyu/30865404207184x.shtml?psid=197880954196823349978723162
【整租】杰晨城市公寓 新南湖 珞珈雅苑,新南湖,1300-1480,http://wh.58.com/pinpaigongyu/30922206262601x.shtml?psid=197880954196823349978723162
【合租】新南湖 鸿瑞家苑 4室主卧,鸿瑞家苑,1000,http://wh.58.com/pinpaigongyu/30509240575563x.shtml?psid=197880954196823349978723162
【合租】光谷 紫菘枫林上城 3室次卧,紫菘枫林上城,1260,http://wh.58.com/pinpaigongyu/30830147508024x.shtml?psid=197880954196823349978723162
【合租】钟家村 广电兰亭都荟 4室次卧,广电兰亭都荟,1000,http://wh.58.com/pinpaigongyu/30791352278224x.shtml?psid=197880954196823349978723162
【整租】关山 山水华庭 1室1厅,山水华庭,1200,http://wh.58.com/pinpaigongyu/30465463881289x.shtml?psid=197880954196823349978723162
【合租】后湖 新地东方花都 1室次卧,新地东方花都,1000,http://wh.58.com/pinpaigongyu/30709898727236x.shtml?psid=101508775196823350196978156
【合租】光谷 祥和雅居 4室主卧,祥和雅居,1050,http://wh.58.com/pinpaigongyu/30686630959018x.shtml?psid=101508775196823350196978156
【合租】唐家墩 万达广场住宅 1室次卧,万达广场住宅,1299,http://wh.58.com/pinpaigongyu/30819543565878x.shtml?psid=101508775196823350196978156
【合租】杨汊湖 江汉区 福星华府 1室次卧,江汉区,1400,http://wh.58.com/pinpaigongyu/30712325964204x.shtml?psid=101508775196823350196978156
【整租】街道口 京韵花园 1室0厅,京韵花园,1300,http://wh.58.com/pinpaigongyu/30753109418310x.shtml?psid=101508775196823350196978156
【合租】常青 金色雅园金沙苑 1室次卧,金色雅园金沙苑,1400,http://wh.58.com/pinpaigongyu/30708952584910x.shtml?psid=101508775196823350196978156
【整租】杨汊湖 红光小区 1室0厅,红光小区,1000,http://wh.58.com/pinpaigongyu/30813294327987x.shtml?psid=101508775196823350196978156
【整租】杨汊湖 常青南苑 1室0厅,常青南苑,1000,http://wh.58.com/pinpaigongyu/30813383020344x.shtml?psid=101508775196823350196978156
【合租】杨汊湖 中国水电盛世江城 1室主卧,中国水电盛世江城,1400,http://wh.58.com/pinpaigongyu/30911236643523x.shtml?psid=101508775196823350196978156
【合租】光谷 祥和雅居 4室主卧,祥和雅居,1050,http://wh.58.com/pinpaigongyu/30677505150393x.shtml?psid=101508775196823350196978156
【合租】新南湖 鸿瑞佳苑 4室主卧,鸿瑞佳苑,1000,http://wh.58.com/pinpaigongyu/30642380282952x.shtml?psid=101508775196823350196978156
【整租】杰晨城市公寓 新南湖 珞珈雅苑,新南湖,1300-1450,http://wh.58.com/pinpaigongyu/30490540938559x.shtml?psid=101508775196823350196978156
【整租】光谷 祥和雅居 1室0厅,祥和雅居,1450,http://wh.58.com/pinpaigongyu/29857331873351x.shtml?psid=101508775196823350196978156
【整租】关山 光谷软件园 1室0厅,光谷软件园,1100,http://wh.58.com/pinpaigongyu/30509198836672x.shtml?psid=101508775196823350196978156
【合租】百步亭 十大家世纪城 4室主卧,十大家世纪城,1260,http://wh.58.com/pinpaigongyu/30812467610169x.shtml?psid=101508775196823350196978156
【整租】杰晨城市公寓 新南湖 珞珈雅苑,新南湖,1300-1480,http://wh.58.com/pinpaigongyu/30922206262601x.shtml?psid=101508775196823350196978156
【整租】光谷 光谷软件园附近 1室1厅,光谷软件园附近,1200,http://wh.58.com/pinpaigongyu/30844078128297x.shtml?psid=101508775196823350196978156
【合租】徐东 武汉三角花园小区 4室主卧,武汉三角花园小区,1030,http://wh.58.com/pinpaigongyu/30801854503222x.shtml?psid=101508775196823350196978156
【合租】徐家棚 西斯莱公馆 3室主卧,西斯莱公馆,1500,http://wh.58.com/pinpaigongyu/30831083016907x.shtml?psid=101508775196823350196978156
【合租】广埠屯 南国大家装 3室次卧,南国大家装,1030,http://wh.58.com/pinpaigongyu/30786593987143x.shtml?psid=101508775196823350196978156
【合租】古田 保利香槟国际 3室主卧,保利香槟国际,1400,http://wh.58.com/pinpaigongyu/30879588139450x.shtml?psid=173514267196823350415285020
【合租】杨汊湖 锦绣人家 1室次卧,锦绣人家,1200,http://wh.58.com/pinpaigongyu/30709475407160x.shtml?psid=173514267196823350415285020
【整租】街道口 南国雄楚广场 1室0厅,南国雄楚广场,1400,http://wh.58.com/pinpaigongyu/30752570193606x.shtml?psid=173514267196823350415285020
【合租】后湖 新地东方花都 1室次卧,新地东方花都,1200,http://wh.58.com/pinpaigongyu/30710643124404x.shtml?psid=173514267196823350415285020
【整租】街道口 南国雄楚广场 1室0厅,南国雄楚广场,1400,http://wh.58.com/pinpaigongyu/30751637014065x.shtml?psid=173514267196823350415285020
【合租】古田 建荣嘉园 1室次卧,建荣嘉园,1000,http://wh.58.com/pinpaigongyu/30710017152937x.shtml?psid=173514267196823350415285020
【合租】后湖 同鑫花园 1室主卧,同鑫花园,1150,http://wh.58.com/pinpaigongyu/30710533249872x.shtml?psid=173514267196823350415285020
【合租】光谷 祥和雅居 3室主卧,祥和雅居,1100,http://wh.58.com/pinpaigongyu/30797077087284x.shtml?psid=173514267196823350415285020
【合租】光谷 祥和雅居 4室主卧,祥和雅居,1200,http://wh.58.com/pinpaigongyu/30722942252610x.shtml?psid=173514267196823350415285020
【合租】陈家湾 南湖时尚城 3室主卧,南湖时尚城,1000,http://wh.58.com/pinpaigongyu/30899742089019x.shtml?psid=173514267196823350415285020
【整租】关山 山水华庭 1室1厅,山水华庭,1200,http://wh.58.com/pinpaigongyu/30777888040887x.shtml?psid=173514267196823350415285020
【整租】杰晨城市公寓 新南湖 珞珈雅苑,新南湖,1300-1450,http://wh.58.com/pinpaigongyu/30490540938559x.shtml?psid=173514267196823350415285020
【合租】光谷 金地中心城东区 3室主卧,金地中心城东区,1390,http://wh.58.com/pinpaigongyu/30752802760125x.shtml?psid=173514267196823350415285020
【合租】徐家棚 湖大琴园小区 4室次卧,湖大琴园小区,1160,http://wh.58.com/pinpaigongyu/30801476588617x.shtml?psid=173514267196823350415285020
【合租】南湖花园 华锦花园 4室次卧,华锦花园,1000,http://wh.58.com/pinpaigongyu/30864085989182x.shtml?psid=173514267196823350415285020
【整租】杰晨城市公寓 新南湖 珞珈雅苑,新南湖,1300-1480,http://wh.58.com/pinpaigongyu/30922206262601x.shtml?psid=173514267196823350415285020
【整租】街道口 武大可遇公寓 1室0厅,【整租】街道口,1500,http://wh.58.com/pinpaigongyu/30644257138622x.shtml?psid=173514267196823350415285020
【整租】街道口 东湖武大新锐公寓 1室0厅,【整租】街道口,1500,http://wh.58.com/pinpaigongyu/30644252985551x.shtml?psid=173514267196823350415285020
【合租】徐东 东湖景园B区 4室次卧,东湖景园B区,1160,http://wh.58.com/pinpaigongyu/30821863285190x.shtml?psid=173514267196823350415285020
【合租】关山 光谷青年城 1室主卧,光谷青年城,1000,http://wh.58.com/pinpaigongyu/30210633027278x.shtml?psid=173514267196823350415285020
【合租】杨汊湖 中国水电盛世江城 1室主卧,中国水电盛世江城,1400,http://wh.58.com/pinpaigongyu/30820039663562x.shtml?psid=120413284196823350708484305
【合租】后湖 幸福人家 1室次卧,幸福人家,1060,http://wh.58.com/pinpaigongyu/30709647110089x.shtml?psid=120413284196823350708484305
【合租】杨汊湖 远洋心里 1室主卧,远洋心里,1300,http://wh.58.com/pinpaigongyu/30819842017606x.shtml?psid=120413284196823350708484305
【合租】后湖 同鑫花园 1室次卧,同鑫花园,1060,http://wh.58.com/pinpaigongyu/30711996741426x.shtml?psid=120413284196823350708484305
【整租】街道口 南国雄楚广场 1室0厅,南国雄楚广场,1400,http://wh.58.com/pinpaigongyu/30753121757868x.shtml?psid=120413284196823350708484305
【合租】徐东 兴华嘉天下 4室主卧,兴华嘉天下,1500,http://wh.58.com/pinpaigongyu/30537774522675x.shtml?psid=120413284196823350708484305
【整租】杨汊湖 南国北都城市广场 1室0厅,南国北都城市广场,1000,http://wh.58.com/pinpaigongyu/30813325938635x.shtml?psid=120413284196823350708484305
【合租】常青 富强天嘉园 1室次卧,富强天嘉园,1240,http://wh.58.com/pinpaigongyu/30711316658226x.shtml?psid=120413284196823350708484305
【合租】钟家村 世茂锦绣长江2期 1室主卧,世茂锦绣长江2期,1200,http://wh.58.com/pinpaigongyu/30710187344464x.shtml?psid=120413284196823350708484305
【合租】古田 广电兰亭荣荟 1室次卧,广电兰亭荣荟,1120,http://wh.58.com/pinpaigongyu/30710724050604x.shtml?psid=120413284196823350708484305
【整租】广埠屯 武大新锐公寓 1室1厅,【整租】广埠屯,1500,http://wh.58.com/pinpaigongyu/30644255887804x.shtml?psid=120413284196823350708484305
【整租】杰晨城市公寓 新南湖 珞珈雅苑,新南湖,1300-1450,http://wh.58.com/pinpaigongyu/30490540938559x.shtml?psid=120413284196823350708484305
【合租】卓刀泉 保利蓝海郡 4室次卧,保利蓝海郡,1190,http://wh.58.com/pinpaigongyu/30810323862730x.shtml?psid=120413284196823350708484305
【合租】百步亭 万锦江城 3室主卧,万锦江城,1160,http://wh.58.com/pinpaigongyu/30812530116165x.shtml?psid=120413284196823350708484305
【合租】新南湖 鸿瑞佳苑 4室主卧,鸿瑞佳苑,1000,http://wh.58.com/pinpaigongyu/30697216378950x.shtml?psid=120413284196823350708484305
【整租】杰晨城市公寓 新南湖 珞珈雅苑,新南湖,1300-1480,http://wh.58.com/pinpaigongyu/30922206262601x.shtml?psid=120413284196823350708484305
【整租】卓刀泉 可遇公寓虎泉店 1室0厅,【整租】卓刀泉,1450,http://wh.58.com/pinpaigongyu/30896427870922x.shtml?psid=120413284196823350708484305
【合租】徐东 爱家国际华城 4室主卧,爱家国际华城,1300,http://wh.58.com/pinpaigongyu/30644232793900x.shtml?psid=120413284196823350708484305
【合租】关山 光谷8号 3室主卧,光谷8号,1390,http://wh.58.com/pinpaigongyu/30819143559211x.shtml?psid=120413284196823350708484305
【合租】关山 山水华庭 4室主卧,山水华庭,1260,http://wh.58.com/pinpaigongyu/30786741014857x.shtml?psid=120413284196823350708484305
【合租】古田 广电兰亭荣荟 1室次卧,广电兰亭荣荟,1120,http://wh.58.com/pinpaigongyu/30710724050604x.shtml?psid=159387904196823350960003849
【整租】前进/江汉 海山友谊城 1室1厅,海山友谊城,1480,http://wh.58.com/pinpaigongyu/30469507067318x.shtml?psid=159387904196823350960003849
【合租】徐东 铂金天地 4室主卧,铂金天地,1100,http://wh.58.com/pinpaigongyu/30570817792464x.shtml?psid=159387904196823350960003849
【合租】永清街 滨江苑 1室次卧,滨江苑,1320,http://wh.58.com/pinpaigongyu/30709985094069x.shtml?psid=159387904196823350960003849
【合租】杨汊湖 锦绣人家 1室次卧,锦绣人家,1100,http://wh.58.com/pinpaigongyu/30709407986762x.shtml?psid=159387904196823350960003849
【合租】百步亭 百步华庭 1室次卧,百步华庭,1000,http://wh.58.com/pinpaigongyu/30711149318605x.shtml?psid=159387904196823350960003849
【合租】常青 福星惠誉福星城北 1室次卧,福星惠誉福星城北,1150,http://wh.58.com/pinpaigongyu/30820008143299x.shtml?psid=159387904196823350960003849
【合租】后湖 同鑫花园 1室主卧,同鑫花园,1100,http://wh.58.com/pinpaigongyu/30711968887502x.shtml?psid=159387904196823350960003849
【整租】街道口 南国雄楚广场 1室0厅,南国雄楚广场,1400,http://wh.58.com/pinpaigongyu/30752934035532x.shtml?psid=159387904196823350960003849
【整租】汉正街 汉正街第一大道翡 1室0厅,汉正街第一大道翡,1380,http://wh.58.com/pinpaigongyu/30888353934909x.shtml?psid=159387904196823350960003849
【整租】杰晨城市公寓 新南湖 杰晨城市公寓,新南湖,1250-1480,http://wh.58.com/pinpaigongyu/30388468811468x.shtml?psid=159387904196823350960003849
【整租】杰晨城市公寓 新南湖 珞珈雅苑,新南湖,1300-1450,http://wh.58.com/pinpaigongyu/30490540938559x.shtml?psid=159387904196823350960003849
【合租】积玉桥 绿地国际金融城 3室次卧,绿地国际金融城,1280,http://wh.58.com/pinpaigongyu/30836635630011x.shtml?psid=159387904196823350960003849
【合租】王家湾 名士华府 4室主卧,名士华府,1160,http://wh.58.com/pinpaigongyu/30786079229493x.shtml?psid=159387904196823350960003849
【整租】杰晨城市公寓 后湖 雷苑小区,后湖,1400-1800,http://wh.58.com/pinpaigongyu/30520769469902x.shtml?psid=159387904196823350960003849
【整租】杰晨城市公寓 新南湖 珞珈雅苑,新南湖,1300-1480,http://wh.58.com/pinpaigongyu/30922206262601x.shtml?psid=159387904196823350960003849
【合租】徐东 徐东馨苑 3室主卧,徐东馨苑,1300,http://wh.58.com/pinpaigongyu/30491611698101x.shtml?psid=159387904196823350960003849
【合租】关山 哈乐城中杰阳光 3室主卧,哈乐城中杰阳光,1160,http://wh.58.com/pinpaigongyu/30799546283050x.shtml?psid=159387904196823350960003849
【整租】后湖 石桥花园一期 1室0厅,石桥花园一期,1200,http://wh.58.com/pinpaigongyu/30910278869691x.shtml?psid=159387904196823350960003849
【合租】洪山周边 武丰佳园 4室主卧,武丰佳园,1300,http://wh.58.com/pinpaigongyu/30801499631672x.shtml?psid=159387904196823350960003849
【整租】街道口 南国雄楚广场 1室0厅,南国雄楚广场,1400,http://wh.58.com/pinpaigongyu/30752934035532x.shtml?psid=183491419196823351228286807
【整租】汉正街 汉正街第一大道翡 1室0厅,汉正街第一大道翡,1380,http://wh.58.com/pinpaigongyu/30888353934909x.shtml?psid=183491419196823351228286807
【整租】汉正街 武汉民意广场 1室0厅,武汉民意广场,1380,http://wh.58.com/pinpaigongyu/30886513363131x.shtml?psid=183491419196823351228286807
【合租】后湖 日月星城 1室次卧,日月星城,1060,http://wh.58.com/pinpaigongyu/30712204102706x.shtml?psid=183491419196823351228286807
【合租】常青 福星惠誉福星城北 1室主卧,福星惠誉福星城北,1500,http://wh.58.com/pinpaigongyu/30854767217735x.shtml?psid=183491419196823351228286807
【合租】徐东 橡树湾 3室次卧,橡树湾,1000,http://wh.58.com/pinpaigongyu/30537885041987x.shtml?psid=183491419196823351228286807
【合租】后湖 新地东方花都 1室次卧,新地东方花都,1200,http://wh.58.com/pinpaigongyu/30710617391946x.shtml?psid=183491419196823351228286807
【合租】后湖 宏宇绿色新都 1室次卧,宏宇绿色新都,1200,http://wh.58.com/pinpaigongyu/30710795263047x.shtml?psid=183491419196823351228286807
【整租】街道口 南国雄楚广场 1室0厅,南国雄楚广场,1400,http://wh.58.com/pinpaigongyu/30752947503551x.shtml?psid=183491419196823351228286807
【合租】杨汊湖 锦绣人家 1室次卧,锦绣人家,1100,http://wh.58.com/pinpaigongyu/30678407663166x.shtml?psid=183491419196823351228286807
【合租】积玉桥 绿地国际金融城 4室主卧,绿地国际金融城,1250,http://wh.58.com/pinpaigongyu/30777822843962x.shtml?psid=183491419196823351228286807
【整租】杰晨城市公寓 新南湖 珞珈雅苑,新南湖,1300-1450,http://wh.58.com/pinpaigongyu/30490540938559x.shtml?psid=183491419196823351228286807
【整租】卓刀泉 凯乐桂园 1室0厅,凯乐桂园,1500,http://wh.58.com/pinpaigongyu/30709179940557x.shtml?psid=183491419196823351228286807
【合租】和平大道 武丰佳园 4室次卧,武丰佳园,1300,http://wh.58.com/pinpaigongyu/30644244037811x.shtml?psid=183491419196823351228286807
【合租】徐东 徐东馨苑 4室次卧,徐东馨苑,1000,http://wh.58.com/pinpaigongyu/30346843147076x.shtml?psid=183491419196823351228286807
【整租】杰晨城市公寓 新南湖 珞珈雅苑,新南湖,1300-1480,http://wh.58.com/pinpaigongyu/30922206262601x.shtml?psid=183491419196823351228286807
【合租】徐东 东湖景园C区 4室次卧,东湖景园C区,1300,http://wh.58.com/pinpaigongyu/30443333961541x.shtml?psid=183491419196823351228286807
【合租】徐东 东湖庭园 3室主卧,东湖庭园,1000,http://wh.58.com/pinpaigongyu/30800178980176x.shtml?psid=183491419196823351228286807
【整租】关山 山水华庭 1室1厅,山水华庭,1100,http://wh.58.com/pinpaigongyu/30556092028729x.shtml?psid=183491419196823351228286807
【合租】和平大道 林秀家园 3室主卧,林秀家园,1130,http://wh.58.com/pinpaigongyu/30800045733420x.shtml?psid=183491419196823351228286807
【合租】古田 东方花城 1室次卧,东方花城,1180,http://wh.58.com/pinpaigongyu/30711293149107x.shtml?psid=143470134196823351460950378
【整租】街道口 南国雄楚广场 1室0厅,南国雄楚广场,1500,http://wh.58.com/pinpaigongyu/30753114531518x.shtml?psid=143470134196823351460950378
【整租】街道口 鹏程蕙园 1室0厅,鹏程蕙园,1300,http://wh.58.com/pinpaigongyu/30796778432069x.shtml?psid=143470134196823351460950378
【合租】珞狮南路 大华南湖公园世家 1室次卧,大华南湖公园世家,1140,http://wh.58.com/pinpaigongyu/30710044542525x.shtml?psid=143470134196823351460950378
【合租】杨汊湖 中国水电盛世江城 1室主卧,中国水电盛世江城,1400,http://wh.58.com/pinpaigongyu/30820052230204x.shtml?psid=143470134196823351460950378
【整租】街道口 鹏程蕙园 1室0厅,鹏程蕙园,1100,http://wh.58.com/pinpaigongyu/30775498592718x.shtml?psid=143470134196823351460950378
【合租】百步亭 十大家世纪城 1室次卧,十大家世纪城,1220,http://wh.58.com/pinpaigongyu/30711432113598x.shtml?psid=143470134196823351460950378
【整租】颜值公寓 广埠屯 武大新锐公寓,广埠屯,1450-1800,http://wh.58.com/pinpaigongyu/30181279140421x.shtml?psid=143470134196823351460950378
【整租】杰晨城市公寓 新南湖 珞珈雅苑,新南湖,1300-1450,http://wh.58.com/pinpaigongyu/30490540938559x.shtml?psid=143470134196823351460950378
【合租】新南湖 鸿瑞佳苑 4室主卧,鸿瑞佳苑,1000,http://wh.58.com/pinpaigongyu/30719333582905x.shtml?psid=143470134196823351460950378
【合租】徐东 大城小院 3室主卧,大城小院,1150,http://wh.58.com/pinpaigongyu/30601038404283x.shtml?psid=143470134196823351460950378
【合租】后湖 尚都一品东区 3室主卧,尚都一品东区,1050,http://wh.58.com/pinpaigongyu/30812204750903x.shtml?psid=143470134196823351460950378
【整租】杰晨城市公寓 新南湖 珞珈雅苑,新南湖,1300-1480,http://wh.58.com/pinpaigongyu/30922206262601x.shtml?psid=143470134196823351460950378
【合租】关山 光谷青年城 1室主卧,光谷青年城,1400,http://wh.58.com/pinpaigongyu/30844804107205x.shtml?psid=143470134196823351460950378
【合租】王家湾 王家湾中央生活区 4室次卧,王家湾中央生活区,1160,http://wh.58.com/pinpaigongyu/30801325862735x.shtml?psid=143470134196823351460950378
【合租】后湖 国际百纳 3室主卧,国际百纳,1150,http://wh.58.com/pinpaigongyu/30811757727659x.shtml?psid=143470134196823351460950378
【合租】关山 喻园 4室主卧,喻园,1360,http://wh.58.com/pinpaigongyu/30802061535433x.shtml?psid=143470134196823351460950378
【合租】鲁巷 八一花园梅花苑 4室次卧,八一花园梅花苑,1100,http://wh.58.com/pinpaigongyu/30676132293189x.shtml?psid=143470134196823351460950378
【合租】后湖 石桥花园一期 3室主卧,石桥花园一期,1100,http://wh.58.com/pinpaigongyu/30812490255146x.shtml?psid=143470134196823351460950378
【整租】常青花园 常青花园五区 1室0厅,常青花园五区,1000,http://wh.58.com/pinpaigongyu/30689357667274x.shtml?psid=143470134196823351460950378
【合租】关山 金地格林东郡 3室次卧,金地格林东郡,1200,http://wh.58.com/pinpaigongyu/30834495549748x.shtml?psid=135056597196823351966328398
【整租】杰晨城市公寓 新南湖 珞珈雅苑,新南湖,1300-1450,http://wh.58.com/pinpaigongyu/30490540938559x.shtml?psid=135056597196823351966328398
【整租】关山 山水华庭 1室0厅,山水华庭,1250,http://wh.58.com/pinpaigongyu/30886027807944x.shtml?psid=135056597196823351966328398
【整租】关山 山水华庭 1室0厅,山水华庭,1100,http://wh.58.com/pinpaigongyu/30586878669368x.shtml?psid=135056597196823351966328398
【整租】光谷 祥和雅居 1室1厅,祥和雅居,1500,http://wh.58.com/pinpaigongyu/30844850747468x.shtml?psid=135056597196823351966328398
【整租】杰晨城市公寓 新南湖 珞珈雅苑,新南湖,1300-1480,http://wh.58.com/pinpaigongyu/30922206262601x.shtml?psid=135056597196823351966328398
【整租】杰晨城市公寓 新南湖 珞珈雅苑,新南湖,1300-1900,http://wh.58.com/pinpaigongyu/30877040979653x.shtml?psid=135056597196823351966328398
【整租】沌口周边 潮海公寓芒果公寓 1室0厅,【整租】沌口周边,1180,http://wh.58.com/pinpaigongyu/30841468314440x.shtml?psid=135056597196823351966328398
【合租】王家湾 名士华府 4室次卧,名士华府,1000,http://wh.58.com/pinpaigongyu/30824132254665x.shtml?psid=135056597196823351966328398
【整租】卓刀泉 凯乐桂园 1室0厅,凯乐桂园,1500,http://wh.58.com/pinpaigongyu/30708793338181x.shtml?psid=135056597196823351966328398
【合租】东湖高新 谷尚居 4室主卧,谷尚居,1100,http://wh.58.com/pinpaigongyu/30788179902029x.shtml?psid=135056597196823351966328398
【整租】关山 山水华庭 1室1厅,山水华庭,1100,http://wh.58.com/pinpaigongyu/30556041132491x.shtml?psid=135056597196823351966328398
【合租】光谷 关西小区 3室次卧,关西小区,1190,http://wh.58.com/pinpaigongyu/30800209912263x.shtml?psid=135056597196823351966328398
【合租】卓刀泉 南湖康泰花园 3室次卧,南湖康泰花园,1100,http://wh.58.com/pinpaigongyu/30644217330495x.shtml?psid=135056597196823351966328398
【合租】新南湖 芷岸龙庭 3室主卧,芷岸龙庭,1000,http://wh.58.com/pinpaigongyu/30520314576587x.shtml?psid=135056597196823351966328398
【合租】后湖 跃进家园 4室主卧,跃进家园,1100,http://wh.58.com/pinpaigongyu/30844819121485x.shtml?psid=135056597196823351966328398
【合租】徐东 徐东馨苑 3室主卧,徐东馨苑,1100,http://wh.58.com/pinpaigongyu/30653103928372x.shtml?psid=135056597196823351966328398
【合租】王家湾 磨山港湾 4室次卧,磨山港湾,1160,http://wh.58.com/pinpaigongyu/30868526180425x.shtml?psid=135056597196823351966328398
【合租】关山 光谷8号 3室次卧,光谷8号,1290,http://wh.58.com/pinpaigongyu/30819155308355x.shtml?psid=135056597196823351966328398
【整租】后湖 百步亭金桥汇(公 1室1厅,百步亭金桥汇(公,1380,http://wh.58.com/pinpaigongyu/30802201890128x.shtml?psid=135056597196823351966328398
【整租】魔方公寓（武汉） 吴家山 东西湖店,吴家山,1200-2000,http://wh.58.com/pinpaigongyu/29362851825835x.shtml?psid=111182359196823352209074535
【整租】杰晨城市公寓 新南湖 珞珈雅苑,新南湖,1300-1450,http://wh.58.com/pinpaigongyu/30490540938559x.shtml?psid=111182359196823352209074535
【整租】卓刀泉 南湖康泰花园 1室1厅,南湖康泰花园,1500,http://wh.58.com/pinpaigongyu/30586818232641x.shtml?psid=111182359196823352209074535
【整租】卓刀泉 凯乐桂园 1室0厅,凯乐桂园,1500,http://wh.58.com/pinpaigongyu/30709167899976x.shtml?psid=111182359196823352209074535
【合租】丁字桥 向阳佳苑 4室次卧,向阳佳苑,1420,http://wh.58.com/pinpaigongyu/30910503417404x.shtml?psid=111182359196823352209074535
【整租】杰晨城市公寓 新南湖 珞珈雅苑,新南湖,1300-1480,http://wh.58.com/pinpaigongyu/30922206262601x.shtml?psid=111182359196823352209074535
【合租】钟家村 新长江香榭琴台墨 4室主卧,新长江香榭琴台墨,1060,http://wh.58.com/pinpaigongyu/30741769932363x.shtml?psid=111182359196823352209074535
【合租】唐家墩 顶琇晶城 3室次卧,顶琇晶城,1050,http://wh.58.com/pinpaigongyu/30876295958854x.shtml?psid=111182359196823352209074535
【合租】徐东 保利城 4室次卧,保利城,1030,http://wh.58.com/pinpaigongyu/30836616691509x.shtml?psid=111182359196823352209074535
【整租】卓刀泉 凯乐桂园 1室0厅,凯乐桂园,1500,http://wh.58.com/pinpaigongyu/30709126959913x.shtml?psid=111182359196823352209074535
【整租】杰晨城市公寓 后湖 雷苑小区,后湖,1400-1800,http://wh.58.com/pinpaigongyu/30520772634949x.shtml?psid=111182359196823352209074535
【整租】卓刀泉 凯乐桂园 1室0厅,凯乐桂园,1500,http://wh.58.com/pinpaigongyu/30709193913515x.shtml?psid=111182359196823352209074535
【合租】徐东 武铁佳苑 4室次卧,武铁佳苑,1100,http://wh.58.com/pinpaigongyu/30836625484366x.shtml?psid=111182359196823352209074535
【整租】卓刀泉 凯乐桂园 1室0厅,凯乐桂园,1500,http://wh.58.com/pinpaigongyu/30709107428266x.shtml?psid=111182359196823352209074535
【合租】洪山周边 武丰佳园 3室主卧,武丰佳园,1000,http://wh.58.com/pinpaigongyu/30801489520575x.shtml?psid=111182359196823352209074535
【合租】南湖花园 名士1号 3室次卧,名士1号,1050,http://wh.58.com/pinpaigongyu/30768706263605x.shtml?psid=111182359196823352209074535
【合租】五里墩 汉阳七里铁路和谐 3室主卧,汉阳七里铁路和谐,1200,http://wh.58.com/pinpaigongyu/30852257590452x.shtml?psid=111182359196823352209074535
【合租】关山 光谷青年城 4室次卧,光谷青年城,1100,http://wh.58.com/pinpaigongyu/30467694119503x.shtml?psid=111182359196823352209074535
【整租】关山 光谷软件园附近 1室1厅,光谷软件园附近,1200,http://wh.58.com/pinpaigongyu/30520459814456x.shtml?psid=111182359196823352209074535
【合租】光谷 华乐山庄 4室次卧,华乐山庄,1390,http://wh.58.com/pinpaigongyu/30811517787462x.shtml?psid=111182359196823352209074535
【整租】杰晨城市公寓 新南湖 珞珈雅苑10栋,新南湖,1300-1700,http://wh.58.com/pinpaigongyu/30301360954299x.shtml?psid=197142199196823352418455940
【整租】杰晨城市公寓 新南湖 珞珈雅苑,新南湖,1300-1450,http://wh.58.com/pinpaigongyu/30490540938559x.shtml?psid=197142199196823352418455940
【合租】后湖 汉口城市广场 3室主卧,汉口城市广场,1100,http://wh.58.com/pinpaigongyu/30811805724603x.shtml?psid=197142199196823352418455940
【整租】光谷 光谷软件园附近 1室0厅,光谷软件园附近,1100,http://wh.58.com/pinpaigongyu/30575901863108x.shtml?psid=197142199196823352418455940
【合租】卓刀泉 南湖康泰花园 3室主卧,南湖康泰花园,1300,http://wh.58.com/pinpaigongyu/30644218739269x.shtml?psid=197142199196823352418455940
【整租】杰晨城市公寓 新南湖 珞珈雅苑,新南湖,1300-1480,http://wh.58.com/pinpaigongyu/30922206262601x.shtml?psid=197142199196823352418455940
【整租】关山 光谷软件园 1室1厅,光谷软件园,1200,http://wh.58.com/pinpaigongyu/30820178936400x.shtml?psid=197142199196823352418455940
【合租】珞狮南路 金地天悦 3室次卧,金地天悦,1290,http://wh.58.com/pinpaigongyu/30832256663883x.shtml?psid=197142199196823352418455940
【整租】广埠屯 武大新锐公寓 1室0厅,【整租】广埠屯,1500,http://wh.58.com/pinpaigongyu/30644245360940x.shtml?psid=197142199196823352418455940
【合租】关山 南益巴黎豪庭 4室主卧,南益巴黎豪庭,1230,http://wh.58.com/pinpaigongyu/30799411979185x.shtml?psid=197142199196823352418455940
【整租】广埠屯 东湖楚天府 1室0厅,东湖楚天府,1500,http://wh.58.com/pinpaigongyu/30732774416318x.shtml?psid=197142199196823352418455940
【合租】陈家湾 金鑫国际 4室主卧,金鑫国际,1260,http://wh.58.com/pinpaigongyu/30768428180012x.shtml?psid=197142199196823352418455940
【合租】新南湖 红鸿瑞佳苑 4室主卧,红鸿瑞佳苑,1000,http://wh.58.com/pinpaigongyu/30443095725379x.shtml?psid=197142199196823352418455940
【整租】沌口周边 潮海公寓芒果公寓 1室0厅,【整租】沌口周边,1280,http://wh.58.com/pinpaigongyu/30841426767530x.shtml?psid=197142199196823352418455940
【整租】常青 常青南园南区 1室0厅,常青南园南区,1500,http://wh.58.com/pinpaigongyu/30630163700551x.shtml?psid=197142199196823352418455940
【整租】盘龙城 天鹅湖首月免租 1室0厅,天鹅湖首月免租,1000,http://wh.58.com/pinpaigongyu/30821691100495x.shtml?psid=197142199196823352418455940
【整租】关山 光谷软件园附近 1室1厅,光谷软件园附近,1200,http://wh.58.com/pinpaigongyu/30866178184106x.shtml?psid=197142199196823352418455940
【整租】后湖 汉口花园 1室1厅,汉口花园,1300,http://wh.58.com/pinpaigongyu/30355761721156x.shtml?psid=197142199196823352418455940
【合租】王家湾 磨山港湾 4室次卧,磨山港湾,1160,http://wh.58.com/pinpaigongyu/30824148903467x.shtml?psid=197142199196823352418455940
【合租】后湖 新地东方明珠 3室主卧,新地东方明珠,1050,http://wh.58.com/pinpaigongyu/30811625768762x.shtml?psid=197142199196823352418455940
【合租】珞狮南路 金地天悦 4室次卧,金地天悦,1230,http://wh.58.com/pinpaigongyu/30854138773044x.shtml?psid=186480403196823352668922781
【整租】杰晨城市公寓 新南湖 珞珈雅苑,新南湖,1300-1450,http://wh.58.com/pinpaigongyu/30490540938559x.shtml?psid=186480403196823352668922781
【合租】广埠屯 武丰佳园 4室次卧,武丰佳园,1000,http://wh.58.com/pinpaigongyu/30443778467919x.shtml?psid=186480403196823352668922781
【合租】唐家墩 万达广场住宅 1室主卧,万达广场住宅,1000,http://wh.58.com/pinpaigongyu/30438167034942x.shtml?psid=186480403196823352668922781
【合租】中北路 岳家嘴小区三期 4室次卧,岳家嘴小区三期,1200,http://wh.58.com/pinpaigongyu/30823312843945x.shtml?psid=186480403196823352668922781
【整租】杰晨城市公寓 新南湖 珞珈雅苑,新南湖,1300-1480,http://wh.58.com/pinpaigongyu/30922206262601x.shtml?psid=186480403196823352668922781
【整租】新华路 三金华都 1室0厅,三金华都,1200,http://wh.58.com/pinpaigongyu/30929366238906x.shtml?psid=186480403196823352668922781
【整租】关山 山水华庭 1室0厅,山水华庭,1200,http://wh.58.com/pinpaigongyu/30465342803658x.shtml?psid=186480403196823352668922781
【整租】魔方公寓（武汉） 司门口 鲇鱼套店,司门口,1500-2500,http://wh.58.com/pinpaigongyu/29197187989186x.shtml?psid=186480403196823352668922781
【合租】洪山周边 武丰佳园 4室主卧,武丰佳园,1200,http://wh.58.com/pinpaigongyu/30732868982314x.shtml?psid=186480403196823352668922781
【合租】丁字桥 百瑞景中央生活区 3室次卧,百瑞景中央生活区,1230,http://wh.58.com/pinpaigongyu/30874735470665x.shtml?psid=186480403196823352668922781
【合租】卓刀泉 南湖康泰花园 3室次卧,南湖康泰花园,1000,http://wh.58.com/pinpaigongyu/30487459502146x.shtml?psid=186480403196823352668922781
【合租】后湖 东新熙园 4室主卧,东新熙园,1200,http://wh.58.com/pinpaigongyu/30811721446727x.shtml?psid=186480403196823352668922781
【合租】徐东 福星惠誉国际城 3室主卧,福星惠誉国际城,1100,http://wh.58.com/pinpaigongyu/30722451557820x.shtml?psid=186480403196823352668922781
【合租】徐东 福星惠誉国际城 3室主卧,福星惠誉国际城,1300,http://wh.58.com/pinpaigongyu/30810664786228x.shtml?psid=186480403196823352668922781
【合租】古田 建荣嘉园 3室次卧,建荣嘉园,1150,http://wh.58.com/pinpaigongyu/30810817999274x.shtml?psid=186480403196823352668922781
【合租】万松园 电业新村 3室次卧,电业新村,1490,http://wh.58.com/pinpaigongyu/30918765469889x.shtml?psid=186480403196823352668922781
【合租】珞狮南路 鸿城家园 3室主卧,鸿城家园,1100,http://wh.58.com/pinpaigongyu/30788096181681x.shtml?psid=186480403196823352668922781
【整租】杰晨城市公寓 新南湖 珞珈雅苑10栋,新南湖,1300-1600,http://wh.58.com/pinpaigongyu/30445301128000x.shtml?psid=186480403196823352668922781
【合租】关山 中谷苑 4室次卧,中谷苑,1050,http://wh.58.com/pinpaigongyu/30768714796969x.shtml?psid=186480403196823352668922781
【整租】杰晨城市公寓 新南湖 珞珈雅苑10栋,新南湖,1300-1600,http://wh.58.com/pinpaigongyu/30445301128000x.shtml?psid=147555576196823352964724399
【整租】杰晨城市公寓 新南湖 珞珈雅苑,新南湖,1300-1450,http://wh.58.com/pinpaigongyu/30490540938559x.shtml?psid=147555576196823352964724399
【合租】新南湖 鸿瑞佳苑 4室主卧,鸿瑞佳苑,1000,http://wh.58.com/pinpaigongyu/30631103310407x.shtml?psid=147555576196823352964724399
【合租】关山 锦绣龙城A区 4室主卧,锦绣龙城A区,1230,http://wh.58.com/pinpaigongyu/30786694692039x.shtml?psid=147555576196823352964724399
【整租】徐东 团结名居竹园 1室0厅,团结名居竹园,1000,http://wh.58.com/pinpaigongyu/30653965464773x.shtml?psid=147555576196823352964724399
【整租】杰晨城市公寓 新南湖 珞珈雅苑,新南湖,1300-1480,http://wh.58.com/pinpaigongyu/30922206262601x.shtml?psid=147555576196823352964724399
【合租】徐东 正堂山外山 3室主卧,正堂山外山,1200,http://wh.58.com/pinpaigongyu/30801401872454x.shtml?psid=147555576196823352964724399
【合租】二七路 金岛御璟世家 4室次卧,金岛御璟世家,1150,http://wh.58.com/pinpaigongyu/30756664768584x.shtml?psid=147555576196823352964724399
【整租】云霄公寓 前进/江汉 前进二路店,前进/江汉,1180-1280,http://wh.58.com/pinpaigongyu/29237355359680x.shtml?psid=147555576196823352964724399
【合租】徐东 徐东馨苑 3室次卧,徐东馨苑,1000,http://wh.58.com/pinpaigongyu/30720428649522x.shtml?psid=147555576196823352964724399
【合租】关山 喻园 3室主卧,喻园,1160,http://wh.58.com/pinpaigongyu/30800399601872x.shtml?psid=147555576196823352964724399
【合租】洪山周边 武丰佳园 4室主卧,武丰佳园,1100,http://wh.58.com/pinpaigongyu/30786722373692x.shtml?psid=147555576196823352964724399
【整租】关山 光谷青年城 1室0厅,光谷青年城,1250,http://wh.58.com/pinpaigongyu/30465228376767x.shtml?psid=147555576196823352964724399
【合租】光谷 长航蓝晶国际A区 4室次卧,长航蓝晶国际A区,1000,http://wh.58.com/pinpaigongyu/30799503852342x.shtml?psid=147555576196823352964724399
【整租】卓刀泉 凯乐桂园 1室0厅,凯乐桂园,1500,http://wh.58.com/pinpaigongyu/30709120340940x.shtml?psid=147555576196823352964724399
【合租】钟家村 江欣苑 3室次卧,江欣苑,1000,http://wh.58.com/pinpaigongyu/30770108606377x.shtml?psid=147555576196823352964724399
【合租】和平大道 武丰佳园 4室次卧,武丰佳园,1200,http://wh.58.com/pinpaigongyu/30443325224394x.shtml?psid=147555576196823352964724399
【整租】关山 光谷软件园附近 1室1厅,光谷软件园附近,1200,http://wh.58.com/pinpaigongyu/30896428587956x.shtml?psid=147555576196823352964724399
【整租】光谷 山水华庭对面 1室1厅,山水华庭对面,1200,http://wh.58.com/pinpaigongyu/30443412526517x.shtml?psid=147555576196823352964724399
【整租】关山 山水华庭 1室0厅,山水华庭,1200,http://wh.58.com/pinpaigongyu/30455133903933x.shtml?psid=147555576196823352964724399
【整租】卓刀泉 凯乐桂园 1室0厅,凯乐桂园,1500,http://wh.58.com/pinpaigongyu/30708872684219x.shtml?psid=117800958196823353184845063
【整租】杰晨城市公寓 新南湖 珞珈雅苑,新南湖,1300-1450,http://wh.58.com/pinpaigongyu/30490540938559x.shtml?psid=117800958196823353184845063
【合租】珞狮南路 金地西岸故事 3室主卧,金地西岸故事,1100,http://wh.58.com/pinpaigongyu/30841702263759x.shtml?psid=117800958196823353184845063
【整租】关山 山水华庭 1室0厅,山水华庭,1200,http://wh.58.com/pinpaigongyu/30443420624453x.shtml?psid=117800958196823353184845063
【合租】珞狮南路 金地天悦 3室次卧,金地天悦,1230,http://wh.58.com/pinpaigongyu/30832266292149x.shtml?psid=117800958196823353184845063
【整租】杰晨城市公寓 新南湖 珞珈雅苑,新南湖,1300-1480,http://wh.58.com/pinpaigongyu/30922206262601x.shtml?psid=117800958196823353184845063
【合租】建设二路 花样年花郡 3室主卧,花样年花郡,1100,http://wh.58.com/pinpaigongyu/30768719854412x.shtml?psid=117800958196823353184845063
【整租】广埠屯 东湖楚天府 1室0厅,东湖楚天府,1500,http://wh.58.com/pinpaigongyu/30732726109745x.shtml?psid=117800958196823353184845063
【合租】百步亭 海赋江城 4室主卧,海赋江城,1200,http://wh.58.com/pinpaigongyu/30811789218127x.shtml?psid=117800958196823353184845063
【合租】南湖花园 名士1号 3室次卧,名士1号,1050,http://wh.58.com/pinpaigongyu/30836725247934x.shtml?psid=117800958196823353184845063
【整租】卓刀泉 凯乐桂园 1室0厅,凯乐桂园,1500,http://wh.58.com/pinpaigongyu/30709086108859x.shtml?psid=117800958196823353184845063
【合租】常青花园 美联奥林匹克花园 3室主卧,美联奥林匹克花园,1160,http://wh.58.com/pinpaigongyu/30812135976257x.shtml?psid=117800958196823353184845063
【合租】王家湾 御龙湾汇园 4室次卧,御龙湾汇园,1000,http://wh.58.com/pinpaigongyu/30791316801103x.shtml?psid=117800958196823353184845063
【整租】新南湖 光谷软件园附近 1室0厅,光谷软件园附近,1100,http://wh.58.com/pinpaigongyu/30556076984263x.shtml?psid=117800958196823353184845063
【整租】关山 光谷软件园 1室0厅,光谷软件园,1200,http://wh.58.com/pinpaigongyu/30465351597759x.shtml?psid=117800958196823353184845063
【整租】杰晨城市公寓 珞狮南路 杰晨公寓,珞狮南路,1300-1580,http://wh.58.com/pinpaigongyu/30490970665265x.shtml?psid=117800958196823353184845063
【整租】光谷 祥和雅居 1室1厅,祥和雅居,1500,http://wh.58.com/pinpaigongyu/30656032703034x.shtml?psid=117800958196823353184845063
【合租】关山 丽岛漫城 3室次卧,丽岛漫城,1000,http://wh.58.com/pinpaigongyu/30778370797135x.shtml?psid=117800958196823353184845063
【合租】积玉桥 绿地国际金融城 3室主卧,绿地国际金融城,1200,http://wh.58.com/pinpaigongyu/30802543611697x.shtml?psid=117800958196823353184845063
【合租】广埠屯 东湖楚天府 4室次卧,东湖楚天府,1260,http://wh.58.com/pinpaigongyu/30809779776826x.shtml?psid=117800958196823353184845063
【合租】积玉桥 绿地国际金融城 3室主卧,绿地国际金融城,1200,http://wh.58.com/pinpaigongyu/30802543611697x.shtml?psid=145547803196823353436567257
【整租】杰晨城市公寓 新南湖 珞珈雅苑,新南湖,1300-1450,http://wh.58.com/pinpaigongyu/30490540938559x.shtml?psid=145547803196823353436567257
【合租】光谷 南湖康泰花园 4室次卧,南湖康泰花园,1000,http://wh.58.com/pinpaigongyu/30841382075590x.shtml?psid=145547803196823353436567257
【合租】洪山周边 欢乐星城 3室主卧,欢乐星城,1000,http://wh.58.com/pinpaigongyu/30800159157183x.shtml?psid=145547803196823353436567257
【整租】关山 山水华庭 1室0厅,山水华庭,1100,http://wh.58.com/pinpaigongyu/30642017561799x.shtml?psid=145547803196823353436567257
【整租】杰晨城市公寓 新南湖 珞珈雅苑,新南湖,1300-1480,http://wh.58.com/pinpaigongyu/30922206262601x.shtml?psid=145547803196823353436567257
【合租】丁字桥 中南路向阳佳苑 4室主卧,中南路向阳佳苑,1100,http://wh.58.com/pinpaigongyu/30468668241607x.shtml?psid=145547803196823353436567257
【合租】光谷 绿之苑 4室次卧,绿之苑,1130,http://wh.58.com/pinpaigongyu/30819451589162x.shtml?psid=145547803196823353436567257
【合租】珞狮南路 南湖雅园 3室主卧,南湖雅园,1200,http://wh.58.com/pinpaigongyu/30820082478541x.shtml?psid=145547803196823353436567257
【整租】关山 关谷软件园 1室0厅,关谷软件园,1200,http://wh.58.com/pinpaigongyu/30777904051148x.shtml?psid=145547803196823353436567257
【合租】积玉桥 绿地国际金融城 4室次卧,绿地国际金融城,1250,http://wh.58.com/pinpaigongyu/30801317664588x.shtml?psid=145547803196823353436567257
【合租】广埠屯 南国大家装 4室次卧,南国大家装,1030,http://wh.58.com/pinpaigongyu/30800150677435x.shtml?psid=145547803196823353436567257
【合租】徐东 正堂山外山 4室主卧,正堂山外山,1100,http://wh.58.com/pinpaigongyu/30802024300350x.shtml?psid=145547803196823353436567257
【整租】广埠屯 可遇新锐公寓 1室1厅,【整租】广埠屯,1400,http://wh.58.com/pinpaigongyu/30644248716739x.shtml?psid=145547803196823353436567257
【合租】东湖高新 谷尚居 4室次卧,谷尚居,1100,http://wh.58.com/pinpaigongyu/30802016706750x.shtml?psid=145547803196823353436567257
【合租】街道口 幸福佳苑 4室主卧,幸福佳苑,1000,http://wh.58.com/pinpaigongyu/30476423649333x.shtml?psid=145547803196823353436567257
【合租】关山 南湖时尚城 3室主卧,南湖时尚城,1000,http://wh.58.com/pinpaigongyu/30334478460595x.shtml?psid=145547803196823353436567257
【合租】徐东 徐东馨苑 4室次卧,徐东馨苑,1160,http://wh.58.com/pinpaigongyu/30836590733354x.shtml?psid=145547803196823353436567257
【整租】光谷 南湖康泰花园 1室1厅,南湖康泰花园,1500,http://wh.58.com/pinpaigongyu/30907763849678x.shtml?psid=145547803196823353436567257
【合租】关山 金地格林东郡 3室主卧,金地格林东郡,1200,http://wh.58.com/pinpaigongyu/30786706996552x.shtml?psid=145547803196823353436567257
【整租】光谷 南湖康泰花园 1室1厅,南湖康泰花园,1500,http://wh.58.com/pinpaigongyu/30907763849678x.shtml?psid=156836320196823353667847411
【整租】杰晨城市公寓 新南湖 珞珈雅苑,新南湖,1300-1450,http://wh.58.com/pinpaigongyu/30490540938559x.shtml?psid=156836320196823353667847411
【整租】江汉大学 潮海公寓芒果公寓 1室0厅,【整租】江汉大学,1060,http://wh.58.com/pinpaigongyu/30564399056317x.shtml?psid=156836320196823353667847411
【合租】光谷 卧龙剑桥春天东区 4室次卧,卧龙剑桥春天东区,1000,http://wh.58.com/pinpaigongyu/30725561521585x.shtml?psid=156836320196823353667847411
【合租】丁字桥 向阳佳苑 4室次卧,向阳佳苑,1160,http://wh.58.com/pinpaigongyu/30802081019454x.shtml?psid=156836320196823353667847411
【整租】杰晨城市公寓 新南湖 珞珈雅苑,新南湖,1300-1480,http://wh.58.com/pinpaigongyu/30922206262601x.shtml?psid=156836320196823353667847411
【合租】后湖 汉口花园 3室次卧,汉口花园,1020,http://wh.58.com/pinpaigongyu/30811961685955x.shtml?psid=156836320196823353667847411
【整租】盘龙城 天鹅湖首月免费 1室0厅,天鹅湖首月免费,1000,http://wh.58.com/pinpaigongyu/30821692475839x.shtml?psid=156836320196823353667847411
【合租】徐东 徐东馨苑 3室主卧,徐东馨苑,1300,http://wh.58.com/pinpaigongyu/30707913284169x.shtml?psid=156836320196823353667847411
【合租】卓刀泉 南湖康泰花园 4室次卧,南湖康泰花园,1000,http://wh.58.com/pinpaigongyu/30896872450364x.shtml?psid=156836320196823353667847411
【合租】关山 光谷青年城 3室主卧,光谷青年城,1000,http://wh.58.com/pinpaigongyu/30210640297515x.shtml?psid=156836320196823353667847411
【整租】卓刀泉 凯乐桂园 1室0厅,凯乐桂园,1500,http://wh.58.com/pinpaigongyu/30709139544398x.shtml?psid=156836320196823353667847411
【合租】关山 保利花园东区 3室主卧,保利花园东区,1260,http://wh.58.com/pinpaigongyu/30775381989193x.shtml?psid=156836320196823353667847411
【合租】后湖 汉口花园 3室主卧,汉口花园,1000,http://wh.58.com/pinpaigongyu/30930042710853x.shtml?psid=156836320196823353667847411
【合租】徐东 武铁佳苑 4室次卧,武铁佳苑,1000,http://wh.58.com/pinpaigongyu/30468515777101x.shtml?psid=156836320196823353667847411
【合租】新南湖 芷岸龙庭 3室主卧,芷岸龙庭,1050,http://wh.58.com/pinpaigongyu/30509220826171x.shtml?psid=156836320196823353667847411
【合租】和平大道 武丰佳园 4室次卧,武丰佳园,1300,http://wh.58.com/pinpaigongyu/30443326251700x.shtml?psid=156836320196823353667847411
【整租】街道口 幸福佳苑 1室1厅,幸福佳苑,1500,http://wh.58.com/pinpaigongyu/30454494467004x.shtml?psid=156836320196823353667847411
【整租】关山 光谷软件园附近 1室0厅,光谷软件园附近,1200,http://wh.58.com/pinpaigongyu/30433572124619x.shtml?psid=156836320196823353667847411
【合租】徐东 爱家皇家公馆 4室主卧,爱家皇家公馆,1300,http://wh.58.com/pinpaigongyu/30801321401936x.shtml?psid=156836320196823353667847411
【合租】徐东 徐东馨苑 3室次卧,徐东馨苑,1000,http://wh.58.com/pinpaigongyu/30645612013129x.shtml?psid=193114631196823353908146700
【整租】杰晨城市公寓 新南湖 珞珈雅苑,新南湖,1300-1450,http://wh.58.com/pinpaigongyu/30490540938559x.shtml?psid=193114631196823353908146700
【合租】徐东 大城小院 3室主卧,大城小院,1000,http://wh.58.com/pinpaigongyu/30656314993995x.shtml?psid=193114631196823353908146700
【合租】钟家村 广电兰亭都荟 3室次卧,广电兰亭都荟,1000,http://wh.58.com/pinpaigongyu/30801309394490x.shtml?psid=193114631196823353908146700
【合租】新南湖 洪瑞佳苑 4室主卧,洪瑞佳苑,1000,http://wh.58.com/pinpaigongyu/30465597779369x.shtml?psid=193114631196823353908146700
【整租】杰晨城市公寓 新南湖 珞珈雅苑,新南湖,1300-1480,http://wh.58.com/pinpaigongyu/30922206262601x.shtml?psid=193114631196823353908146700
【合租】徐东 正堂山外山 3室主卧,正堂山外山,1200,http://wh.58.com/pinpaigongyu/30846327362875x.shtml?psid=193114631196823353908146700
【整租】卓刀泉 凯乐桂园 1室0厅,凯乐桂园,1500,http://wh.58.com/pinpaigongyu/30708838349389x.shtml?psid=193114631196823353908146700
【合租】关山 光谷陆景苑 4室主卧,光谷陆景苑,1230,http://wh.58.com/pinpaigongyu/30819960632649x.shtml?psid=193114631196823353908146700
【整租】光谷 光谷软件园附近 1室0厅,光谷软件园附近,1250,http://wh.58.com/pinpaigongyu/30886084114370x.shtml?psid=193114631196823353908146700
【合租】后湖 新地盛世东方 3室主卧,新地盛世东方,1050,http://wh.58.com/pinpaigongyu/30812395538363x.shtml?psid=193114631196823353908146700
【整租】关山 光谷软件园 1室1厅,光谷软件园,1200,http://wh.58.com/pinpaigongyu/30576321503922x.shtml?psid=193114631196823353908146700
【整租】王家墩CBD 中国水电盛世江城 1室1厅,中国水电盛世江城,1500,http://wh.58.com/pinpaigongyu/30740821517385x.shtml?psid=193114631196823353908146700
【整租】后湖 石桥花园一期 1室0厅,石桥花园一期,1000,http://wh.58.com/pinpaigongyu/30653784103739x.shtml?psid=193114631196823353908146700
【合租】广埠屯 岳家嘴小区三期 4室主卧,岳家嘴小区三期,1000,http://wh.58.com/pinpaigongyu/30678395826603x.shtml?psid=193114631196823353908146700
【合租】积玉桥 恒大首府西区 4室主卧,恒大首府西区,1160,http://wh.58.com/pinpaigongyu/30808385361338x.shtml?psid=193114631196823353908146700
【整租】盘龙城 天鹅湖首月免租 1室0厅,天鹅湖首月免租,1000,http://wh.58.com/pinpaigongyu/30821689574862x.shtml?psid=193114631196823353908146700
【合租】建设二路 花样年花郡 4室次卧,花样年花郡,1100,http://wh.58.com/pinpaigongyu/30822047541058x.shtml?psid=193114631196823353908146700
【合租】友谊大道 铁机盛世家园 4室主卧,铁机盛世家园,1300,http://wh.58.com/pinpaigongyu/30801342028880x.shtml?psid=193114631196823353908146700
【整租】关山 山水华庭 1室1厅,山水华庭,1200,http://wh.58.com/pinpaigongyu/30788775434281x.shtml?psid=193114631196823353908146700
【合租】徐东 岳家嘴小区一二期 4室主卧,岳家嘴小区一二期,1400,http://wh.58.com/pinpaigongyu/30823300978878x.shtml?psid=127910113196823354136974850
【整租】杰晨城市公寓 新南湖 珞珈雅苑,新南湖,1300-1450,http://wh.58.com/pinpaigongyu/30490540938559x.shtml?psid=127910113196823354136974850
【合租】关山 金地格林东郡 4室次卧,金地格林东郡,1050,http://wh.58.com/pinpaigongyu/30799927732273x.shtml?psid=127910113196823354136974850
【合租】钟家村 广电兰亭都荟 4室次卧,广电兰亭都荟,1000,http://wh.58.com/pinpaigongyu/30770100476730x.shtml?psid=127910113196823354136974850
【整租】关山 光谷青年城 1室1厅,光谷青年城,1400,http://wh.58.com/pinpaigongyu/30856309268172x.shtml?psid=127910113196823354136974850
【整租】杰晨城市公寓 新南湖 珞珈雅苑,新南湖,1300-1480,http://wh.58.com/pinpaigongyu/30922206262601x.shtml?psid=127910113196823354136974850
【整租】关山 山水华庭 1室0厅,山水华庭,1100,http://wh.58.com/pinpaigongyu/30543878905927x.shtml?psid=127910113196823354136974850
【合租】卓刀泉 保利拉菲(公寓) 4室次卧,【合租】卓刀泉,1260,http://wh.58.com/pinpaigongyu/30786331463734x.shtml?psid=127910113196823354136974850
【合租】徐东 武汉三角花园小区 3室主卧,武汉三角花园小区,1000,http://wh.58.com/pinpaigongyu/30656370201398x.shtml?psid=127910113196823354136974850
【合租】关山 金地格林东郡 4室次卧,金地格林东郡,1200,http://wh.58.com/pinpaigongyu/30823348366275x.shtml?psid=127910113196823354136974850
【整租】沌口周边 潮海公寓芒果公寓 1室0厅,【整租】沌口周边,1160,http://wh.58.com/pinpaigongyu/30675159986379x.shtml?psid=127910113196823354136974850
【合租】关山 东林外庐 4室主卧,东林外庐,1360,http://wh.58.com/pinpaigongyu/30768746721867x.shtml?psid=127910113196823354136974850
【整租】光谷 光谷软件园附近 1室1厅,光谷软件园附近,1200,http://wh.58.com/pinpaigongyu/30465436504233x.shtml?psid=127910113196823354136974850
【合租】和平大道 武丰佳园 4室次卧,武丰佳园,1200,http://wh.58.com/pinpaigongyu/30443335306153x.shtml?psid=127910113196823354136974850
【合租】徐东 武铁佳苑 4室次卧,武铁佳苑,1300,http://wh.58.com/pinpaigongyu/30443313862973x.shtml?psid=127910113196823354136974850
【合租】广埠屯 徐东馨苑 4室次卧,徐东馨苑,1000,http://wh.58.com/pinpaigongyu/30653223452857x.shtml?psid=127910113196823354136974850
【合租】王家湾 名士华府 4室主卧,名士华府,1260,http://wh.58.com/pinpaigongyu/30800528976948x.shtml?psid=127910113196823354136974850
【合租】徐东 金地自在城(公寓 4室次卧,【合租】徐东,1100,http://wh.58.com/pinpaigongyu/30836707890996x.shtml?psid=127910113196823354136974850
【合租】徐东 金地自在城(公寓 3室次卧,【合租】徐东,1000,http://wh.58.com/pinpaigongyu/30708659401927x.shtml?psid=127910113196823354136974850
【整租】关山 山水华庭 1室0厅,山水华庭,1200,http://wh.58.com/pinpaigongyu/30509204666820x.shtml?psid=127910113196823354136974850
【整租】关山 山水华庭 1室0厅,山水华庭,1200,http://wh.58.com/pinpaigongyu/30509204666820x.shtml?psid=125572472196823354365624117
【整租】杰晨城市公寓 新南湖 珞珈雅苑,新南湖,1300-1450,http://wh.58.com/pinpaigongyu/30490540938559x.shtml?psid=125572472196823354365624117
【合租】徐东 福星惠誉国际城 3室主卧,福星惠誉国际城,1000,http://wh.58.com/pinpaigongyu/30722470172459x.shtml?psid=125572472196823354365624117
【合租】南湖花园 鸿瑞佳苑 4室主卧,鸿瑞佳苑,1000,http://wh.58.com/pinpaigongyu/30922167959737x.shtml?psid=125572472196823354365624117
【整租】关山 山水华庭 1室1厅,山水华庭,1200,http://wh.58.com/pinpaigongyu/30465345831357x.shtml?psid=125572472196823354365624117
【整租】杰晨城市公寓 新南湖 珞珈雅苑,新南湖,1300-1480,http://wh.58.com/pinpaigongyu/30922206262601x.shtml?psid=125572472196823354365624117
【合租】古田 建荣嘉园 3室次卧,建荣嘉园,1150,http://wh.58.com/pinpaigongyu/30810992433477x.shtml?psid=125572472196823354365624117
【整租】光谷 光谷软件园附近 1室1厅,光谷软件园附近,1200,http://wh.58.com/pinpaigongyu/30476753380170x.shtml?psid=125572472196823354365624117
【合租】新南湖 芷岸龙庭 4室主卧,芷岸龙庭,1100,http://wh.58.com/pinpaigongyu/30476534412586x.shtml?psid=125572472196823354365624117
【整租】卓刀泉 凯乐桂园 1室0厅,凯乐桂园,1500,http://wh.58.com/pinpaigongyu/30709036969666x.shtml?psid=125572472196823354365624117
【合租】徐家棚 西斯莱公馆 3室次卧,西斯莱公馆,1400,http://wh.58.com/pinpaigongyu/30831091662273x.shtml?psid=125572472196823354365624117
【合租】珞狮南路 金地格林小城莱茵 3室主卧,金地格林小城莱茵,1110,http://wh.58.com/pinpaigongyu/30788238225215x.shtml?psid=125572472196823354365624117
【合租】王家湾 名士华府 4室次卧,名士华府,1160,http://wh.58.com/pinpaigongyu/30801832825788x.shtml?psid=125572472196823354365624117
【合租】卓刀泉 绿汀雅境 4室主卧,绿汀雅境,1300,http://wh.58.com/pinpaigongyu/30777179867460x.shtml?psid=125572472196823354365624117
【整租】杰晨城市公寓 珞狮南路 杰晨公寓,珞狮南路,1300-1900,http://wh.58.com/pinpaigongyu/30920284606153x.shtml?psid=125572472196823354365624117
【合租】新南湖 珞珈雅苑 3室次卧,珞珈雅苑,1050,http://wh.58.com/pinpaigongyu/30775519495235x.shtml?psid=125572472196823354365624117
【合租】广埠屯 徐东馨苑 3室次卧,徐东馨苑,1000,http://wh.58.com/pinpaigongyu/30709488824108x.shtml?psid=125572472196823354365624117
【合租】关山 锦绣龙城A区 3室主卧,锦绣龙城A区,1000,http://wh.58.com/pinpaigongyu/30786676954173x.shtml?psid=125572472196823354365624117
【合租】徐东 东湖景园C区 3室主卧,东湖景园C区,1050,http://wh.58.com/pinpaigongyu/30754906046415x.shtml?psid=125572472196823354365624117
【整租】关山 光谷软件园附近 1室0厅,光谷软件园附近,1200,http://wh.58.com/pinpaigongyu/30509362693827x.shtml?psid=125572472196823354365624117
【合租】徐东 东湖景园C区 3室主卧,东湖景园C区,1050,http://wh.58.com/pinpaigongyu/30754906046415x.shtml?psid=107157607196823354596760441
【整租】杰晨城市公寓 新南湖 珞珈雅苑,新南湖,1300-1450,http://wh.58.com/pinpaigongyu/30490540938559x.shtml?psid=107157607196823354596760441
【合租】新南湖 珞珈雅苑 3室主卧,珞珈雅苑,1000,http://wh.58.com/pinpaigongyu/30788380473672x.shtml?psid=107157607196823354596760441
【合租】丁字桥 鸿岭花园 4室主卧,鸿岭花园,1410,http://wh.58.com/pinpaigongyu/30764433421126x.shtml?psid=107157607196823354596760441
【整租】关山 光谷软件园 1室1厅,光谷软件园,1200,http://wh.58.com/pinpaigongyu/30520382196780x.shtml?psid=107157607196823354596760441
【整租】杰晨城市公寓 新南湖 珞珈雅苑,新南湖,1300-1480,http://wh.58.com/pinpaigongyu/30922206262601x.shtml?psid=107157607196823354596760441
【合租】百步亭 万锦江城 4室主卧,万锦江城,1250,http://wh.58.com/pinpaigongyu/30812537579446x.shtml?psid=107157607196823354596760441
【整租】卓刀泉 南湖康泰花园 1室1厅,南湖康泰花园,1500,http://wh.58.com/pinpaigongyu/30465793515577x.shtml?psid=107157607196823354596760441
【合租】徐家棚 湖大琴园小区 4室主卧,湖大琴园小区,1400,http://wh.58.com/pinpaigongyu/30801427664069x.shtml?psid=107157607196823354596760441
【合租】徐东 纯水岸东湖 4室次卧,纯水岸东湖,1100,http://wh.58.com/pinpaigongyu/30768724514985x.shtml?psid=107157607196823354596760441
【合租】关山 哈乐城中杰阳光 3室次卧,哈乐城中杰阳光,1160,http://wh.58.com/pinpaigongyu/30768656692558x.shtml?psid=107157607196823354596760441
【整租】关山 山水华庭 1室0厅,山水华庭,1200,http://wh.58.com/pinpaigongyu/30576320254286x.shtml?psid=107157607196823354596760441
【整租】关山 山水华庭 1室1厅,山水华庭,1200,http://wh.58.com/pinpaigongyu/30822691933738x.shtml?psid=107157607196823354596760441
【合租】新南湖 珞珈雅苑 4室主卧,珞珈雅苑,1280,http://wh.58.com/pinpaigongyu/30788391699381x.shtml?psid=107157607196823354596760441
【合租】百步亭 海赋江城 4室次卧,海赋江城,1100,http://wh.58.com/pinpaigongyu/30801624528198x.shtml?psid=107157607196823354596760441
【合租】后湖 楚邦汉界 4室主卧,楚邦汉界,1360,http://wh.58.com/pinpaigongyu/30811581045292x.shtml?psid=107157607196823354596760441
【合租】关山 清江山水 3室主卧,清江山水,1130,http://wh.58.com/pinpaigongyu/30834480925129x.shtml?psid=107157607196823354596760441
【整租】杰晨城市公寓 新南湖 珞珈雅苑10栋,新南湖,1300-1600,http://wh.58.com/pinpaigongyu/30445300003010x.shtml?psid=107157607196823354596760441
【整租】杰晨城市公寓 珞狮南路 杰晨公寓,珞狮南路,1300-1700,http://wh.58.com/pinpaigongyu/30877047120426x.shtml?psid=107157607196823354596760441
【合租】王家湾 人信汇一期 4室次卧,人信汇一期,1000,http://wh.58.com/pinpaigongyu/30824112416823x.shtml?psid=107157607196823354596760441
【合租】王家湾 人信汇一期 4室次卧,人信汇一期,1000,http://wh.58.com/pinpaigongyu/30824112416823x.shtml?psid=167174493196823354860032403
【整租】杰晨城市公寓 新南湖 珞珈雅苑,新南湖,1300-1450,http://wh.58.com/pinpaigongyu/30490540938559x.shtml?psid=167174493196823354860032403
【合租】徐东 武铁佳苑 4室次卧,武铁佳苑,1000,http://wh.58.com/pinpaigongyu/30644247990329x.shtml?psid=167174493196823354860032403
【整租】盘龙城 天鹅湖首月免租 1室1厅,天鹅湖首月免租,1000,http://wh.58.com/pinpaigongyu/30821694198971x.shtml?psid=167174493196823354860032403
【合租】王家湾 名士华府 3室次卧,名士华府,1100,http://wh.58.com/pinpaigongyu/30824139003855x.shtml?psid=167174493196823354860032403
【整租】杰晨城市公寓 新南湖 珞珈雅苑,新南湖,1300-1480,http://wh.58.com/pinpaigongyu/30922206262601x.shtml?psid=167174493196823354860032403
【整租】武汉自在遇 洪山周边 金地自在城店,洪山周边,1300-1500,http://wh.58.com/pinpaigongyu/30247507777867x.shtml?psid=167174493196823354860032403
【合租】中南路 紫沙金苑 5室次卧,紫沙金苑,1300,http://wh.58.com/pinpaigongyu/30907778710196x.shtml?psid=167174493196823354860032403
【合租】唐家墩 万达广场住宅 1室主卧,万达广场住宅,1000,http://wh.58.com/pinpaigongyu/30438345502148x.shtml?psid=167174493196823354860032403
【整租】云霄公寓 前进/江汉 前进二路店,前进/江汉,1180-1680,http://wh.58.com/pinpaigongyu/29084779900234x.shtml?psid=167174493196823354860032403
【合租】徐东 徐东馨苑 3室次卧,徐东馨苑,1000,http://wh.58.com/pinpaigongyu/30708279507389x.shtml?psid=167174493196823354860032403
【整租】杰晨城市公寓 新南湖 珞珈雅苑10栋,新南湖,1300-1450,http://wh.58.com/pinpaigongyu/30443097625132x.shtml?psid=167174493196823354860032403
【合租】关山 丽岛漫城 4室次卧,丽岛漫城,1000,http://wh.58.com/pinpaigongyu/30799494126001x.shtml?psid=167174493196823354860032403
【合租】钟家村 广电兰亭都荟 5室次卧,广电兰亭都荟,1060,http://wh.58.com/pinpaigongyu/30799205181252x.shtml?psid=167174493196823354860032403
【整租】卓刀泉 凯乐桂园 1室0厅,凯乐桂园,1500,http://wh.58.com/pinpaigongyu/30708742117966x.shtml?psid=167174493196823354860032403
【合租】广埠屯 徐东馨苑 3室主卧,徐东馨苑,1100,http://wh.58.com/pinpaigongyu/30711125321412x.shtml?psid=167174493196823354860032403
【整租】关山 光谷软件园附近 1室0厅,光谷软件园附近,1100,http://wh.58.com/pinpaigongyu/30675032197673x.shtml?psid=167174493196823354860032403
【整租】光谷 云顶居对面 1室1厅,云顶居对面,1200,http://wh.58.com/pinpaigongyu/30822790966057x.shtml?psid=167174493196823354860032403
【合租】徐东 大城小院 3室主卧,大城小院,1100,http://wh.58.com/pinpaigongyu/30656323580879x.shtml?psid=167174493196823354860032403
【合租】新南湖 鸿瑞佳苑 4室主卧,鸿瑞佳苑,1000,http://wh.58.com/pinpaigongyu/30487144949192x.shtml?psid=167174493196823354860032403
【合租】新南湖 鸿瑞佳苑 4室主卧,鸿瑞佳苑,1000,http://wh.58.com/pinpaigongyu/30487144949192x.shtml?psid=136156188196823355089939462
【整租】杰晨城市公寓 新南湖 珞珈雅苑,新南湖,1300-1450,http://wh.58.com/pinpaigongyu/30490540938559x.shtml?psid=136156188196823355089939462
【整租】常青花园 常青花园五区 1室0厅,常青花园五区,1200,http://wh.58.com/pinpaigongyu/30575058980415x.shtml?psid=136156188196823355089939462
【整租】沌口周边 潮海公寓芒果公寓 1室0厅,【整租】沌口周边,1160,http://wh.58.com/pinpaigongyu/30564489246395x.shtml?psid=136156188196823355089939462
【合租】徐东 武铁佳苑 4室主卧,武铁佳苑,1300,http://wh.58.com/pinpaigongyu/30443329868984x.shtml?psid=136156188196823355089939462
【整租】杰晨城市公寓 新南湖 珞珈雅苑,新南湖,1300-1480,http://wh.58.com/pinpaigongyu/30922206262601x.shtml?psid=136156188196823355089939462
【合租】东湖高新 谷尚居 4室次卧,谷尚居,1100,http://wh.58.com/pinpaigongyu/30799720305341x.shtml?psid=136156188196823355089939462
【合租】光谷 保利时代 4室主卧,保利时代,1160,http://wh.58.com/pinpaigongyu/30767085882300x.shtml?psid=136156188196823355089939462
【合租】钟家村 瑞园住宅小区 4室次卧,瑞园住宅小区,1100,http://wh.58.com/pinpaigongyu/30801881378612x.shtml?psid=136156188196823355089939462
【整租】杰晨城市公寓 新南湖 杰晨城市公寓,新南湖,1380-1630,http://wh.58.com/pinpaigongyu/29074872873285x.shtml?psid=136156188196823355089939462
【合租】徐东 大城小院 3室主卧,大城小院,1050,http://wh.58.com/pinpaigongyu/30656331644082x.shtml?psid=136156188196823355089939462
【合租】徐东 橡树湾 3室主卧,橡树湾,1100,http://wh.58.com/pinpaigongyu/30800288324917x.shtml?psid=136156188196823355089939462
【整租】广埠屯 东湖楚天府 1室0厅,东湖楚天府,1500,http://wh.58.com/pinpaigongyu/30732740346293x.shtml?psid=136156188196823355089939462
【合租】后湖 石桥花园一期 4室次卧,石桥花园一期,1100,http://wh.58.com/pinpaigongyu/30868549907525x.shtml?psid=136156188196823355089939462
【合租】百步亭 十大家世纪城 3室主卧,十大家世纪城,1130,http://wh.58.com/pinpaigongyu/30812437749946x.shtml?psid=136156188196823355089939462
【合租】关山 清江山水 4室次卧,清江山水,1000,http://wh.58.com/pinpaigongyu/30841388266440x.shtml?psid=136156188196823355089939462
【合租】关山 光谷青年城 4室主卧,光谷青年城,1000,http://wh.58.com/pinpaigongyu/30210641795511x.shtml?psid=136156188196823355089939462
【整租】关山 光谷软件园 1室0厅,光谷软件园,1000,http://wh.58.com/pinpaigongyu/30543902871350x.shtml?psid=136156188196823355089939462
【整租】广埠屯 武汉大学新锐学生 1室0厅,武汉大学新锐学生,1500,http://wh.58.com/pinpaigongyu/30520987717191x.shtml?psid=136156188196823355089939462
【合租】关山 喻园 5室主卧,喻园,1360,http://wh.58.com/pinpaigongyu/30800495806513x.shtml?psid=136156188196823355089939462
【合租】新南湖 维佳武昌府二期 3室次卧,维佳武昌府二期,1060,http://wh.58.com/pinpaigongyu/30788190214468x.shtml?psid=168664513196823355340811692
【整租】杰晨城市公寓 新南湖 珞珈雅苑,新南湖,1300-1450,http://wh.58.com/pinpaigongyu/30490540938559x.shtml?psid=168664513196823355340811692
【整租】杰晨城市公寓 新南湖 珞珈雅苑,新南湖,1400-1600,http://wh.58.com/pinpaigongyu/30301421016130x.shtml?psid=168664513196823355340811692
【合租】后湖 同安家园 4室次卧,同安家园,1030,http://wh.58.com/pinpaigongyu/30789340989005x.shtml?psid=168664513196823355340811692
【整租】杨汊湖 石桥花园一期 1室0厅,石桥花园一期,1000,http://wh.58.com/pinpaigongyu/30896216159679x.shtml?psid=168664513196823355340811692
【整租】杰晨城市公寓 新南湖 珞珈雅苑,新南湖,1300-1480,http://wh.58.com/pinpaigongyu/30922206262601x.shtml?psid=168664513196823355340811692
【整租】魔方公寓（武汉） 吴家山 东西湖店,吴家山,1300-2000,http://wh.58.com/pinpaigongyu/28776531070656x.shtml?psid=168664513196823355340811692
